max_depth,min_samples_split,criterion,n_options,training_size,threshold,mean
18,2,mse,9468,0.1,18760656,0.7901121278351406
18,2,mse,9468,0.1,18760656,0.7901121278351406
18,2,mse,9468,0.1,18760656,0.7901121278351406
18,2,mse,9468,0.1,18760656,0.7901121278351406
18,2,mse,9468,0.1,18760656,0.7901121278351406
18,2,mse,9468,0.1,21436619,0.8694562354433434
18,2,mse,9468,0.1,21436619,0.8694562354433434
18,2,mse,9468,0.1,21436619,0.8694562354433434
18,2,mse,9468,0.1,21436619,0.8694562354433434
18,2,mse,9468,0.1,21436619,0.8694562354433434
18,2,mse,9468,0.1,31443996,0.8963944248488129
18,2,mse,9468,0.1,31443996,0.8963944248488129
18,2,mse,9468,0.1,31443996,0.8963944248488129
18,2,mse,9468,0.1,31443996,0.8963944248488129
18,2,mse,9468,0.1,31443996,0.8963944248488129
18,2,mse,9468,0.1,54346448,0.9073788495648094
18,2,mse,9468,0.1,54346448,0.9073788495648094
18,2,mse,9468,0.1,54346448,0.9073788495648094
18,2,mse,9468,0.1,54346448,0.9073788495648094
18,2,mse,9468,0.1,54346448,0.9073788495648094
18,2,mse,9468,0.1,86467304,0.8823421566934759
18,2,mse,9468,0.1,86467304,0.8823421566934759
18,2,mse,9468,0.1,86467304,0.8823421566934759
18,2,mse,9468,0.1,86467304,0.8823421566934759
18,2,mse,9468,0.1,86467304,0.8823421566934759
18,2,mse,9468,0.2,18760656,0.8404747082039097
18,2,mse,9468,0.2,18760656,0.8404747082039097
18,2,mse,9468,0.2,18760656,0.8404747082039097
18,2,mse,9468,0.2,18760656,0.8404747082039097
18,2,mse,9468,0.2,21436619,0.8774089507146162
18,2,mse,9468,0.2,18760656,0.8404747082039097
18,2,mse,9468,0.2,21436619,0.8774089507146162
18,2,mse,9468,0.2,21436619,0.8774089507146162
18,2,mse,9468,0.2,21436619,0.8774089507146162
18,2,mse,9468,0.2,21436619,0.8774089507146162
18,2,mse,9468,0.2,31443996,0.9098533155795484
18,2,mse,9468,0.2,31443996,0.9098533155795484
18,2,mse,9468,0.2,31443996,0.9098533155795484
18,2,mse,9468,0.2,31443996,0.9098533155795484
18,2,mse,9468,0.2,31443996,0.9098533155795484
18,2,mse,9468,0.2,54346448,0.9139171065539295
18,2,mse,9468,0.2,54346448,0.9139171065539295
18,2,mse,9468,0.2,54346448,0.9139171065539295
18,2,mse,9468,0.2,54346448,0.9139171065539295
18,2,mse,9468,0.2,54346448,0.9139171065539295
18,2,mse,9468,0.2,86467304,0.9092708647487056
18,2,mse,9468,0.2,86467304,0.9092708647487056
18,2,mse,9468,0.2,86467304,0.9092708647487056
18,2,mse,9468,0.2,86467304,0.9092708647487056
18,2,mse,9468,0.2,86467304,0.9092708647487056
18,2,mse,9468,0.5,18760656,0.8610251678415429
18,2,mse,9468,0.5,18760656,0.8610251678415429
18,2,mse,9468,0.5,18760656,0.8610251678415429
18,2,mse,9468,0.5,18760656,0.8610251678415429
18,2,mse,9468,0.5,18760656,0.8610251678415429
18,2,mse,9468,0.5,21436619,0.8888544889730668
18,2,mse,9468,0.5,21436619,0.8888544889730668
18,2,mse,9468,0.5,21436619,0.8888544889730668
18,2,mse,9468,0.5,21436619,0.8888544889730668
18,2,mse,9468,0.5,21436619,0.8888544889730668
18,2,mse,9468,0.5,31443996,0.9193268281053264
18,2,mse,9468,0.5,31443996,0.9193268281053264
18,2,mse,9468,0.5,31443996,0.9193268281053264
18,2,mse,9468,0.5,31443996,0.9193268281053264
18,2,mse,9468,0.5,31443996,0.9193268281053264
18,2,mse,9468,0.5,54346448,0.9233159141715336
18,2,mse,9468,0.5,54346448,0.9233159141715336
18,2,mse,9468,0.5,54346448,0.9233159141715336
18,2,mse,9468,0.5,54346448,0.9233159141715336
18,2,mse,9468,0.5,54346448,0.9233159141715336
18,2,mse,9468,0.5,86467304,0.9213505442456564
18,2,mse,9468,0.5,86467304,0.9213505442456564
18,2,mse,9468,0.5,86467304,0.9213505442456564
18,2,mse,9468,0.5,86467304,0.9213505442456564
18,2,mse,9468,0.5,86467304,0.9213505442456564
18,2,mse,9468,0.7,18760656,0.8603465341242373
18,2,mse,9468,0.7,18760656,0.8603465341242373
18,2,mse,9468,0.7,18760656,0.8603465341242373
18,2,mse,9468,0.7,21436619,0.893345597427222
18,2,mse,9468,0.7,18760656,0.8603465341242373
18,2,mse,9468,0.7,18760656,0.8603465341242373
18,2,mse,9468,0.7,21436619,0.893345597427222
18,2,mse,9468,0.7,21436619,0.893345597427222
18,2,mse,9468,0.7,31443996,0.9252339425786728
18,2,mse,9468,0.7,21436619,0.893345597427222
18,2,mse,9468,0.7,21436619,0.893345597427222
18,2,mse,9468,0.7,31443996,0.9252339425786728
18,2,mse,9468,0.7,31443996,0.9252339425786728
18,2,mse,9468,0.7,54346448,0.9305042419266556
18,2,mse,9468,0.7,31443996,0.9252339425786728
18,2,mse,9468,0.7,31443996,0.9252339425786728
18,2,mse,9468,0.7,54346448,0.9305042419266556
18,2,mse,9468,0.7,54346448,0.9305042419266556
18,2,mse,9468,0.7,86467304,0.9247330018874004
18,2,mse,9468,0.7,54346448,0.9305042419266556
18,2,mse,9468,0.7,54346448,0.9305042419266556
18,2,mse,9468,0.7,86467304,0.9247330018874004
18,2,mse,9468,0.7,86467304,0.9247330018874004
18,2,mse,9468,0.7,86467304,0.9247330018874004
18,2,mse,9468,0.7,86467304,0.9247330018874004
18,2,friedman_mse,9468,0.1,18760656,0.7858247590948909
18,2,friedman_mse,9468,0.1,18760656,0.7858247590948909
18,2,friedman_mse,9468,0.1,18760656,0.7858247590948909
18,2,friedman_mse,9468,0.1,18760656,0.7858247590948909
18,2,friedman_mse,9468,0.1,18760656,0.7858247590948909
18,2,friedman_mse,9468,0.1,21436619,0.8697098346922632
18,2,friedman_mse,9468,0.1,21436619,0.8697098346922632
18,2,friedman_mse,9468,0.1,21436619,0.8697098346922632
18,2,friedman_mse,9468,0.1,21436619,0.8697098346922632
18,2,friedman_mse,9468,0.1,21436619,0.8697098346922632
18,2,friedman_mse,9468,0.1,31443996,0.896945656324428
18,2,friedman_mse,9468,0.1,31443996,0.896945656324428
18,2,friedman_mse,9468,0.1,31443996,0.896945656324428
18,2,friedman_mse,9468,0.1,31443996,0.896945656324428
18,2,friedman_mse,9468,0.1,31443996,0.896945656324428
18,2,friedman_mse,9468,0.1,54346448,0.9062073857988668
18,2,friedman_mse,9468,0.1,54346448,0.9062073857988668
18,2,friedman_mse,9468,0.1,54346448,0.9062073857988668
18,2,friedman_mse,9468,0.1,54346448,0.9062073857988668
18,2,friedman_mse,9468,0.1,54346448,0.9062073857988668
18,2,friedman_mse,9468,0.1,86467304,0.88725791238121
18,2,friedman_mse,9468,0.1,86467304,0.88725791238121
18,2,friedman_mse,9468,0.1,86467304,0.88725791238121
18,2,friedman_mse,9468,0.1,86467304,0.88725791238121
18,2,friedman_mse,9468,0.1,86467304,0.88725791238121
18,2,friedman_mse,9468,0.2,18760656,0.8382121103332016
18,2,friedman_mse,9468,0.2,18760656,0.8382121103332016
18,2,friedman_mse,9468,0.2,18760656,0.8382121103332016
18,2,friedman_mse,9468,0.2,18760656,0.8382121103332016
18,2,friedman_mse,9468,0.2,18760656,0.8382121103332016
18,2,friedman_mse,9468,0.2,21436619,0.8785713490916486
18,2,friedman_mse,9468,0.2,21436619,0.8785713490916486
18,2,friedman_mse,9468,0.2,21436619,0.8785713490916486
18,2,friedman_mse,9468,0.2,21436619,0.8785713490916486
18,2,friedman_mse,9468,0.2,21436619,0.8785713490916486
18,2,friedman_mse,9468,0.2,31443996,0.9094277052721847
18,2,friedman_mse,9468,0.2,31443996,0.9094277052721847
18,2,friedman_mse,9468,0.2,31443996,0.9094277052721847
18,2,friedman_mse,9468,0.2,31443996,0.9094277052721847
18,2,friedman_mse,9468,0.2,31443996,0.9094277052721847
18,2,friedman_mse,9468,0.2,54346448,0.9129926896406227
18,2,friedman_mse,9468,0.2,54346448,0.9129926896406227
18,2,friedman_mse,9468,0.2,54346448,0.9129926896406227
18,2,friedman_mse,9468,0.2,54346448,0.9129926896406227
18,2,friedman_mse,9468,0.2,54346448,0.9129926896406227
18,2,friedman_mse,9468,0.2,86467304,0.9059078029961486
18,2,friedman_mse,9468,0.2,86467304,0.9059078029961486
18,2,friedman_mse,9468,0.2,86467304,0.9059078029961486
18,2,friedman_mse,9468,0.2,86467304,0.9059078029961486
18,2,friedman_mse,9468,0.2,86467304,0.9059078029961486
18,2,friedman_mse,9468,0.5,18760656,0.8613438787060121
18,2,friedman_mse,9468,0.5,18760656,0.8613438787060121
18,2,friedman_mse,9468,0.5,18760656,0.8613438787060121
18,2,friedman_mse,9468,0.5,18760656,0.8613438787060121
18,2,friedman_mse,9468,0.5,18760656,0.8613438787060121
18,2,friedman_mse,9468,0.5,21436619,0.8891193242791775
18,2,friedman_mse,9468,0.5,21436619,0.8891193242791775
18,2,friedman_mse,9468,0.5,21436619,0.8891193242791775
18,2,friedman_mse,9468,0.5,21436619,0.8891193242791775
18,2,friedman_mse,9468,0.5,21436619,0.8891193242791775
18,2,friedman_mse,9468,0.5,31443996,0.9175298701327224
18,2,friedman_mse,9468,0.5,31443996,0.9175298701327224
18,2,friedman_mse,9468,0.5,31443996,0.9175298701327224
18,2,friedman_mse,9468,0.5,31443996,0.9175298701327224
18,2,friedman_mse,9468,0.5,31443996,0.9175298701327224
18,2,friedman_mse,9468,0.5,54346448,0.9239486253135478
18,2,friedman_mse,9468,0.5,54346448,0.9239486253135478
18,2,friedman_mse,9468,0.5,54346448,0.9239486253135478
18,2,friedman_mse,9468,0.5,54346448,0.9239486253135478
18,2,friedman_mse,9468,0.5,54346448,0.9239486253135478
18,2,friedman_mse,9468,0.5,86467304,0.9197186646353168
18,2,friedman_mse,9468,0.5,86467304,0.9197186646353168
18,2,friedman_mse,9468,0.5,86467304,0.9197186646353168
18,2,friedman_mse,9468,0.5,86467304,0.9197186646353168
18,2,friedman_mse,9468,0.5,86467304,0.9197186646353168
18,2,friedman_mse,9468,0.7,18760656,0.860144861668484
18,2,friedman_mse,9468,0.7,18760656,0.860144861668484
18,2,friedman_mse,9468,0.7,18760656,0.860144861668484
18,2,friedman_mse,9468,0.7,18760656,0.860144861668484
18,2,friedman_mse,9468,0.7,21436619,0.8930538313952744
18,2,friedman_mse,9468,0.7,21436619,0.8930538313952744
18,2,friedman_mse,9468,0.7,21436619,0.8930538313952744
18,2,friedman_mse,9468,0.7,21436619,0.8930538313952744
18,2,friedman_mse,9468,0.7,18760656,0.860144861668484
18,2,friedman_mse,9468,0.7,31443996,0.9255970331262332
18,2,friedman_mse,9468,0.7,31443996,0.9255970331262332
18,2,friedman_mse,9468,0.7,31443996,0.9255970331262332
18,2,friedman_mse,9468,0.7,31443996,0.9255970331262332
18,2,friedman_mse,9468,0.7,21436619,0.8930538313952744
18,2,friedman_mse,9468,0.7,54346448,0.9325365882505026
18,2,friedman_mse,9468,0.7,54346448,0.9325365882505026
18,2,friedman_mse,9468,0.7,54346448,0.9325365882505026
18,2,friedman_mse,9468,0.7,54346448,0.9325365882505026
18,2,friedman_mse,9468,0.7,31443996,0.9255970331262332
18,2,friedman_mse,9468,0.7,86467304,0.9234731414299152
18,2,friedman_mse,9468,0.7,86467304,0.9234731414299152
18,2,friedman_mse,9468,0.7,86467304,0.9234731414299152
18,2,friedman_mse,9468,0.7,86467304,0.9234731414299152
18,2,friedman_mse,9468,0.7,54346448,0.9325365882505026
18,2,friedman_mse,9468,0.7,86467304,0.9234731414299152
18,5,mse,9468,0.1,18760656,0.7888966059683693
18,5,mse,9468,0.1,18760656,0.7888966059683693
18,5,mse,9468,0.1,18760656,0.7888966059683693
18,5,mse,9468,0.1,18760656,0.7888966059683693
18,5,mse,9468,0.1,18760656,0.7888966059683693
18,5,mse,9468,0.1,21436619,0.8711047529924426
18,5,mse,9468,0.1,21436619,0.8711047529924426
18,5,mse,9468,0.1,21436619,0.8711047529924426
18,5,mse,9468,0.1,21436619,0.8711047529924426
18,5,mse,9468,0.1,21436619,0.8711047529924426
18,5,mse,9468,0.1,31443996,0.8978590229983907
18,5,mse,9468,0.1,31443996,0.8978590229983907
18,5,mse,9468,0.1,31443996,0.8978590229983907
18,5,mse,9468,0.1,31443996,0.8978590229983907
18,5,mse,9468,0.1,31443996,0.8978590229983907
18,5,mse,9468,0.1,54346448,0.9064633503059032
18,5,mse,9468,0.1,54346448,0.9064633503059032
18,5,mse,9468,0.1,54346448,0.9064633503059032
18,5,mse,9468,0.1,54346448,0.9064633503059032
18,5,mse,9468,0.1,54346448,0.9064633503059032
18,5,mse,9468,0.1,86467304,0.8864863437687576
18,5,mse,9468,0.1,86467304,0.8864863437687576
18,5,mse,9468,0.1,86467304,0.8864863437687576
18,5,mse,9468,0.1,86467304,0.8864863437687576
18,5,mse,9468,0.1,86467304,0.8864863437687576
18,5,mse,9468,0.2,18760656,0.8359021655126098
18,5,mse,9468,0.2,18760656,0.8359021655126098
18,5,mse,9468,0.2,18760656,0.8359021655126098
18,5,mse,9468,0.2,18760656,0.8359021655126098
18,5,mse,9468,0.2,18760656,0.8359021655126098
18,5,mse,9468,0.2,21436619,0.8783231881842952
18,5,mse,9468,0.2,21436619,0.8783231881842952
18,5,mse,9468,0.2,21436619,0.8783231881842952
18,5,mse,9468,0.2,21436619,0.8783231881842952
18,5,mse,9468,0.2,21436619,0.8783231881842952
18,5,mse,9468,0.2,31443996,0.909304493803362
18,5,mse,9468,0.2,31443996,0.909304493803362
18,5,mse,9468,0.2,31443996,0.909304493803362
18,5,mse,9468,0.2,31443996,0.909304493803362
18,5,mse,9468,0.2,31443996,0.909304493803362
18,5,mse,9468,0.2,54346448,0.9139703906971188
18,5,mse,9468,0.2,54346448,0.9139703906971188
18,5,mse,9468,0.2,54346448,0.9139703906971188
18,5,mse,9468,0.2,54346448,0.9139703906971188
18,5,mse,9468,0.2,54346448,0.9139703906971188
18,5,mse,9468,0.2,86467304,0.9082495973650024
18,5,mse,9468,0.2,86467304,0.9082495973650024
18,5,mse,9468,0.2,86467304,0.9082495973650024
18,5,mse,9468,0.2,86467304,0.9082495973650024
18,5,mse,9468,0.2,86467304,0.9082495973650024
18,5,mse,9468,0.5,18760656,0.8603021435133067
18,5,mse,9468,0.5,18760656,0.8603021435133067
18,5,mse,9468,0.5,18760656,0.8603021435133067
18,5,mse,9468,0.5,18760656,0.8603021435133067
18,5,mse,9468,0.5,18760656,0.8603021435133067
18,5,mse,9468,0.5,21436619,0.8884130065161704
18,5,mse,9468,0.5,21436619,0.8884130065161704
18,5,mse,9468,0.5,21436619,0.8884130065161704
18,5,mse,9468,0.5,21436619,0.8884130065161704
18,5,mse,9468,0.5,21436619,0.8884130065161704
18,5,mse,9468,0.5,31443996,0.918181418298455
18,5,mse,9468,0.5,31443996,0.918181418298455
18,5,mse,9468,0.5,31443996,0.918181418298455
18,5,mse,9468,0.5,31443996,0.918181418298455
18,5,mse,9468,0.5,31443996,0.918181418298455
18,5,mse,9468,0.5,54346448,0.9258421652779988
18,5,mse,9468,0.5,54346448,0.9258421652779988
18,5,mse,9468,0.5,54346448,0.9258421652779988
18,5,mse,9468,0.5,54346448,0.9258421652779988
18,5,mse,9468,0.5,54346448,0.9258421652779988
18,5,mse,9468,0.5,86467304,0.9234560866859098
18,5,mse,9468,0.5,86467304,0.9234560866859098
18,5,mse,9468,0.5,86467304,0.9234560866859098
18,5,mse,9468,0.5,86467304,0.9234560866859098
18,5,mse,9468,0.5,86467304,0.9234560866859098
18,5,mse,9468,0.7,18760656,0.8591346910263811
18,5,mse,9468,0.7,18760656,0.8591346910263811
18,5,mse,9468,0.7,18760656,0.8591346910263811
18,5,mse,9468,0.7,21436619,0.8937051686971178
18,5,mse,9468,0.7,18760656,0.8591346910263811
18,5,mse,9468,0.7,18760656,0.8591346910263811
18,5,mse,9468,0.7,21436619,0.8937051686971178
18,5,mse,9468,0.7,21436619,0.8937051686971178
18,5,mse,9468,0.7,31443996,0.9258105108323921
18,5,mse,9468,0.7,21436619,0.8937051686971178
18,5,mse,9468,0.7,21436619,0.8937051686971178
18,5,mse,9468,0.7,31443996,0.9258105108323921
18,5,mse,9468,0.7,31443996,0.9258105108323921
18,5,mse,9468,0.7,54346448,0.9316557186131351
18,5,mse,9468,0.7,31443996,0.9258105108323921
18,5,mse,9468,0.7,54346448,0.9316557186131351
18,5,mse,9468,0.7,31443996,0.9258105108323921
18,5,mse,9468,0.7,54346448,0.9316557186131351
18,5,mse,9468,0.7,86467304,0.9254565127709375
18,5,mse,9468,0.7,54346448,0.9316557186131351
18,5,mse,9468,0.7,54346448,0.9316557186131351
18,5,mse,9468,0.7,86467304,0.9254565127709375
18,5,mse,9468,0.7,86467304,0.9254565127709375
18,5,mse,9468,0.7,86467304,0.9254565127709375
18,5,mse,9468,0.7,86467304,0.9254565127709375
18,5,friedman_mse,9468,0.1,18760656,0.7912174830549528
18,5,friedman_mse,9468,0.1,18760656,0.7912174830549528
18,5,friedman_mse,9468,0.1,18760656,0.7912174830549528
18,5,friedman_mse,9468,0.1,18760656,0.7912174830549528
18,5,friedman_mse,9468,0.1,18760656,0.7912174830549528
18,5,friedman_mse,9468,0.1,21436619,0.8689466143340986
18,5,friedman_mse,9468,0.1,21436619,0.8689466143340986
18,5,friedman_mse,9468,0.1,21436619,0.8689466143340986
18,5,friedman_mse,9468,0.1,21436619,0.8689466143340986
18,5,friedman_mse,9468,0.1,21436619,0.8689466143340986
18,5,friedman_mse,9468,0.1,31443996,0.8980476247420563
18,5,friedman_mse,9468,0.1,31443996,0.8980476247420563
18,5,friedman_mse,9468,0.1,31443996,0.8980476247420563
18,5,friedman_mse,9468,0.1,31443996,0.8980476247420563
18,5,friedman_mse,9468,0.1,31443996,0.8980476247420563
18,5,friedman_mse,9468,0.1,54346448,0.9066463872091428
18,5,friedman_mse,9468,0.1,54346448,0.9066463872091428
18,5,friedman_mse,9468,0.1,54346448,0.9066463872091428
18,5,friedman_mse,9468,0.1,54346448,0.9066463872091428
18,5,friedman_mse,9468,0.1,54346448,0.9066463872091428
18,5,friedman_mse,9468,0.1,86467304,0.8870782143865872
18,5,friedman_mse,9468,0.1,86467304,0.8870782143865872
18,5,friedman_mse,9468,0.1,86467304,0.8870782143865872
18,5,friedman_mse,9468,0.1,86467304,0.8870782143865872
18,5,friedman_mse,9468,0.1,86467304,0.8870782143865872
18,5,friedman_mse,9468,0.2,18760656,0.8368225393894204
18,5,friedman_mse,9468,0.2,18760656,0.8368225393894204
18,5,friedman_mse,9468,0.2,18760656,0.8368225393894204
18,5,friedman_mse,9468,0.2,18760656,0.8368225393894204
18,5,friedman_mse,9468,0.2,18760656,0.8368225393894204
18,5,friedman_mse,9468,0.2,21436619,0.8782904019456921
18,5,friedman_mse,9468,0.2,21436619,0.8782904019456921
18,5,friedman_mse,9468,0.2,21436619,0.8782904019456921
18,5,friedman_mse,9468,0.2,21436619,0.8782904019456921
18,5,friedman_mse,9468,0.2,21436619,0.8782904019456921
18,5,friedman_mse,9468,0.2,31443996,0.9093297771723056
18,5,friedman_mse,9468,0.2,31443996,0.9093297771723056
18,5,friedman_mse,9468,0.2,31443996,0.9093297771723056
18,5,friedman_mse,9468,0.2,31443996,0.9093297771723056
18,5,friedman_mse,9468,0.2,31443996,0.9093297771723056
18,5,friedman_mse,9468,0.2,54346448,0.912746537686976
18,5,friedman_mse,9468,0.2,54346448,0.912746537686976
18,5,friedman_mse,9468,0.2,54346448,0.912746537686976
18,5,friedman_mse,9468,0.2,54346448,0.912746537686976
18,5,friedman_mse,9468,0.2,54346448,0.912746537686976
18,5,friedman_mse,9468,0.2,86467304,0.9073136936933496
18,5,friedman_mse,9468,0.2,86467304,0.9073136936933496
18,5,friedman_mse,9468,0.2,86467304,0.9073136936933496
18,5,friedman_mse,9468,0.2,86467304,0.9073136936933496
18,5,friedman_mse,9468,0.2,86467304,0.9073136936933496
18,5,friedman_mse,9468,0.5,18760656,0.861238615013368
18,5,friedman_mse,9468,0.5,18760656,0.861238615013368
18,5,friedman_mse,9468,0.5,18760656,0.861238615013368
18,5,friedman_mse,9468,0.5,18760656,0.861238615013368
18,5,friedman_mse,9468,0.5,18760656,0.861238615013368
18,5,friedman_mse,9468,0.5,21436619,0.8888267561018066
18,5,friedman_mse,9468,0.5,21436619,0.8888267561018066
18,5,friedman_mse,9468,0.5,21436619,0.8888267561018066
18,5,friedman_mse,9468,0.5,21436619,0.8888267561018066
18,5,friedman_mse,9468,0.5,21436619,0.8888267561018066
18,5,friedman_mse,9468,0.5,31443996,0.9187574283559694
18,5,friedman_mse,9468,0.5,31443996,0.9187574283559694
18,5,friedman_mse,9468,0.5,31443996,0.9187574283559694
18,5,friedman_mse,9468,0.5,31443996,0.9187574283559694
18,5,friedman_mse,9468,0.5,31443996,0.9187574283559694
18,5,friedman_mse,9468,0.5,54346448,0.926265975516568
18,5,friedman_mse,9468,0.5,54346448,0.926265975516568
18,5,friedman_mse,9468,0.5,54346448,0.926265975516568
18,5,friedman_mse,9468,0.5,54346448,0.926265975516568
18,5,friedman_mse,9468,0.5,54346448,0.926265975516568
18,5,friedman_mse,9468,0.5,86467304,0.9203668327228682
18,5,friedman_mse,9468,0.5,86467304,0.9203668327228682
18,5,friedman_mse,9468,0.5,86467304,0.9203668327228682
18,5,friedman_mse,9468,0.5,86467304,0.9203668327228682
18,5,friedman_mse,9468,0.5,86467304,0.9203668327228682
18,5,friedman_mse,9468,0.7,18760656,0.8593163770728928
18,5,friedman_mse,9468,0.7,18760656,0.8593163770728928
18,5,friedman_mse,9468,0.7,18760656,0.8593163770728928
18,5,friedman_mse,9468,0.7,18760656,0.8593163770728928
18,5,friedman_mse,9468,0.7,21436619,0.8930092860363741
18,5,friedman_mse,9468,0.7,18760656,0.8593163770728928
18,5,friedman_mse,9468,0.7,21436619,0.8930092860363741
18,5,friedman_mse,9468,0.7,21436619,0.8930092860363741
18,5,friedman_mse,9468,0.7,21436619,0.8930092860363741
18,5,friedman_mse,9468,0.7,21436619,0.8930092860363741
18,5,friedman_mse,9468,0.7,31443996,0.9254854725705346
18,5,friedman_mse,9468,0.7,31443996,0.9254854725705346
18,5,friedman_mse,9468,0.7,31443996,0.9254854725705346
18,5,friedman_mse,9468,0.7,31443996,0.9254854725705346
18,5,friedman_mse,9468,0.7,31443996,0.9254854725705346
18,5,friedman_mse,9468,0.7,54346448,0.9315764990799646
18,5,friedman_mse,9468,0.7,54346448,0.9315764990799646
18,5,friedman_mse,9468,0.7,54346448,0.9315764990799646
18,5,friedman_mse,9468,0.7,54346448,0.9315764990799646
18,5,friedman_mse,9468,0.7,54346448,0.9315764990799646
18,5,friedman_mse,9468,0.7,86467304,0.9256268539076508
18,5,friedman_mse,9468,0.7,86467304,0.9256268539076508
18,5,friedman_mse,9468,0.7,86467304,0.9256268539076508
18,5,friedman_mse,9468,0.7,86467304,0.9256268539076508
18,5,friedman_mse,9468,0.7,86467304,0.9256268539076508
18,10,mse,9468,0.1,18760656,0.7910973324662148
18,10,mse,9468,0.1,18760656,0.7910973324662148
18,10,mse,9468,0.1,18760656,0.7910973324662148
18,10,mse,9468,0.1,18760656,0.7910973324662148
18,10,mse,9468,0.1,18760656,0.7910973324662148
18,10,mse,9468,0.1,21436619,0.8706379684245171
18,10,mse,9468,0.1,21436619,0.8706379684245171
18,10,mse,9468,0.1,21436619,0.8706379684245171
18,10,mse,9468,0.1,21436619,0.8706379684245171
18,10,mse,9468,0.1,21436619,0.8706379684245171
18,10,mse,9468,0.1,31443996,0.8991844808337806
18,10,mse,9468,0.1,31443996,0.8991844808337806
18,10,mse,9468,0.1,31443996,0.8991844808337806
18,10,mse,9468,0.1,31443996,0.8991844808337806
18,10,mse,9468,0.1,31443996,0.8991844808337806
18,10,mse,9468,0.1,54346448,0.904285030949062
18,10,mse,9468,0.1,54346448,0.904285030949062
18,10,mse,9468,0.1,54346448,0.904285030949062
18,10,mse,9468,0.1,54346448,0.904285030949062
18,10,mse,9468,0.1,54346448,0.904285030949062
18,10,mse,9468,0.1,86467304,0.8950877378998133
18,10,mse,9468,0.1,86467304,0.8950877378998133
18,10,mse,9468,0.1,86467304,0.8950877378998133
18,10,mse,9468,0.1,86467304,0.8950877378998133
18,10,mse,9468,0.1,86467304,0.8950877378998133
18,10,mse,9468,0.2,18760656,0.8393738315849382
18,10,mse,9468,0.2,18760656,0.8393738315849382
18,10,mse,9468,0.2,18760656,0.8393738315849382
18,10,mse,9468,0.2,18760656,0.8393738315849382
18,10,mse,9468,0.2,18760656,0.8393738315849382
18,10,mse,9468,0.2,21436619,0.8803342515538002
18,10,mse,9468,0.2,21436619,0.8803342515538002
18,10,mse,9468,0.2,21436619,0.8803342515538002
18,10,mse,9468,0.2,21436619,0.8803342515538002
18,10,mse,9468,0.2,21436619,0.8803342515538002
18,10,mse,9468,0.2,31443996,0.9122046076141944
18,10,mse,9468,0.2,31443996,0.9122046076141944
18,10,mse,9468,0.2,31443996,0.9122046076141944
18,10,mse,9468,0.2,31443996,0.9122046076141944
18,10,mse,9468,0.2,31443996,0.9122046076141944
18,10,mse,9468,0.2,54346448,0.918018045453147
18,10,mse,9468,0.2,54346448,0.918018045453147
18,10,mse,9468,0.2,54346448,0.918018045453147
18,10,mse,9468,0.2,54346448,0.918018045453147
18,10,mse,9468,0.2,54346448,0.918018045453147
18,10,mse,9468,0.2,86467304,0.9140756161346626
18,10,mse,9468,0.2,86467304,0.9140756161346626
18,10,mse,9468,0.2,86467304,0.9140756161346626
18,10,mse,9468,0.2,86467304,0.9140756161346626
18,10,mse,9468,0.2,86467304,0.9140756161346626
18,10,mse,9468,0.5,18760656,0.8599848925421057
18,10,mse,9468,0.5,18760656,0.8599848925421057
18,10,mse,9468,0.5,18760656,0.8599848925421057
18,10,mse,9468,0.5,18760656,0.8599848925421057
18,10,mse,9468,0.5,18760656,0.8599848925421057
18,10,mse,9468,0.5,21436619,0.8899210632223201
18,10,mse,9468,0.5,21436619,0.8899210632223201
18,10,mse,9468,0.5,21436619,0.8899210632223201
18,10,mse,9468,0.5,21436619,0.8899210632223201
18,10,mse,9468,0.5,21436619,0.8899210632223201
18,10,mse,9468,0.5,31443996,0.9198843612356604
18,10,mse,9468,0.5,31443996,0.9198843612356604
18,10,mse,9468,0.5,31443996,0.9198843612356604
18,10,mse,9468,0.5,31443996,0.9198843612356604
18,10,mse,9468,0.5,31443996,0.9198843612356604
18,10,mse,9468,0.5,54346448,0.928978927031446
18,10,mse,9468,0.5,54346448,0.928978927031446
18,10,mse,9468,0.5,54346448,0.928978927031446
18,10,mse,9468,0.5,54346448,0.928978927031446
18,10,mse,9468,0.5,54346448,0.928978927031446
18,10,mse,9468,0.5,86467304,0.924237871836697
18,10,mse,9468,0.5,86467304,0.924237871836697
18,10,mse,9468,0.5,86467304,0.924237871836697
18,10,mse,9468,0.5,86467304,0.924237871836697
18,10,mse,9468,0.5,86467304,0.924237871836697
18,10,mse,9468,0.7,18760656,0.8602847665331761
18,10,mse,9468,0.7,18760656,0.8602847665331761
18,10,mse,9468,0.7,18760656,0.8602847665331761
18,10,mse,9468,0.7,18760656,0.8602847665331761
18,10,mse,9468,0.7,21436619,0.8942671684812609
18,10,mse,9468,0.7,21436619,0.8942671684812609
18,10,mse,9468,0.7,21436619,0.8942671684812609
18,10,mse,9468,0.7,18760656,0.8602847665331761
18,10,mse,9468,0.7,21436619,0.8942671684812609
18,10,mse,9468,0.7,31443996,0.9255619480421418
18,10,mse,9468,0.7,31443996,0.9255619480421418
18,10,mse,9468,0.7,31443996,0.9255619480421418
18,10,mse,9468,0.7,21436619,0.8942671684812609
18,10,mse,9468,0.7,31443996,0.9255619480421418
18,10,mse,9468,0.7,54346448,0.9340186095135409
18,10,mse,9468,0.7,54346448,0.9340186095135409
18,10,mse,9468,0.7,54346448,0.9340186095135409
18,10,mse,9468,0.7,31443996,0.9255619480421418
18,10,mse,9468,0.7,54346448,0.9340186095135409
18,10,mse,9468,0.7,86467304,0.9299342788631216
18,10,mse,9468,0.7,86467304,0.9299342788631216
18,10,mse,9468,0.7,86467304,0.9299342788631216
18,10,mse,9468,0.7,54346448,0.9340186095135409
18,10,mse,9468,0.7,86467304,0.9299342788631216
18,10,mse,9468,0.7,86467304,0.9299342788631216
18,10,friedman_mse,9468,0.1,18760656,0.7920413839313527
18,10,friedman_mse,9468,0.1,18760656,0.7920413839313527
18,10,friedman_mse,9468,0.1,18760656,0.7920413839313527
18,10,friedman_mse,9468,0.1,18760656,0.7920413839313527
18,10,friedman_mse,9468,0.1,18760656,0.7920413839313527
18,10,friedman_mse,9468,0.1,21436619,0.8717498268707353
18,10,friedman_mse,9468,0.1,21436619,0.8717498268707353
18,10,friedman_mse,9468,0.1,21436619,0.8717498268707353
18,10,friedman_mse,9468,0.1,21436619,0.8717498268707353
18,10,friedman_mse,9468,0.1,21436619,0.8717498268707353
18,10,friedman_mse,9468,0.1,31443996,0.8996512851064007
18,10,friedman_mse,9468,0.1,31443996,0.8996512851064007
18,10,friedman_mse,9468,0.1,31443996,0.8996512851064007
18,10,friedman_mse,9468,0.1,31443996,0.8996512851064007
18,10,friedman_mse,9468,0.1,31443996,0.8996512851064007
18,10,friedman_mse,9468,0.1,54346448,0.9031135671831194
18,10,friedman_mse,9468,0.1,54346448,0.9031135671831194
18,10,friedman_mse,9468,0.1,54346448,0.9031135671831194
18,10,friedman_mse,9468,0.1,54346448,0.9031135671831194
18,10,friedman_mse,9468,0.1,54346448,0.9031135671831194
18,10,friedman_mse,9468,0.1,86467304,0.8953507613321117
18,10,friedman_mse,9468,0.1,86467304,0.8953507613321117
18,10,friedman_mse,9468,0.1,86467304,0.8953507613321117
18,10,friedman_mse,9468,0.1,86467304,0.8953507613321117
18,10,friedman_mse,9468,0.1,86467304,0.8953507613321117
18,10,friedman_mse,9468,0.2,18760656,0.8404252600580251
18,10,friedman_mse,9468,0.2,18760656,0.8404252600580251
18,10,friedman_mse,9468,0.2,18760656,0.8404252600580251
18,10,friedman_mse,9468,0.2,18760656,0.8404252600580251
18,10,friedman_mse,9468,0.2,18760656,0.8404252600580251
18,10,friedman_mse,9468,0.2,21436619,0.8809115701661285
18,10,friedman_mse,9468,0.2,21436619,0.8809115701661285
18,10,friedman_mse,9468,0.2,21436619,0.8809115701661285
18,10,friedman_mse,9468,0.2,21436619,0.8809115701661285
18,10,friedman_mse,9468,0.2,21436619,0.8809115701661285
18,10,friedman_mse,9468,0.2,31443996,0.9122139822809272
18,10,friedman_mse,9468,0.2,31443996,0.9122139822809272
18,10,friedman_mse,9468,0.2,31443996,0.9122139822809272
18,10,friedman_mse,9468,0.2,31443996,0.9122139822809272
18,10,friedman_mse,9468,0.2,31443996,0.9122139822809272
18,10,friedman_mse,9468,0.2,54346448,0.918158843848071
18,10,friedman_mse,9468,0.2,54346448,0.918158843848071
18,10,friedman_mse,9468,0.2,54346448,0.918158843848071
18,10,friedman_mse,9468,0.2,54346448,0.918158843848071
18,10,friedman_mse,9468,0.2,54346448,0.918158843848071
18,10,friedman_mse,9468,0.2,86467304,0.9145813388474059
18,10,friedman_mse,9468,0.2,86467304,0.9145813388474059
18,10,friedman_mse,9468,0.2,86467304,0.9145813388474059
18,10,friedman_mse,9468,0.2,86467304,0.9145813388474059
18,10,friedman_mse,9468,0.2,86467304,0.9145813388474059
18,10,friedman_mse,9468,0.5,18760656,0.8595204771454608
18,10,friedman_mse,9468,0.5,18760656,0.8595204771454608
18,10,friedman_mse,9468,0.5,18760656,0.8595204771454608
18,10,friedman_mse,9468,0.5,18760656,0.8595204771454608
18,10,friedman_mse,9468,0.5,18760656,0.8595204771454608
18,10,friedman_mse,9468,0.5,21436619,0.8906300111761676
18,10,friedman_mse,9468,0.5,21436619,0.8906300111761676
18,10,friedman_mse,9468,0.5,21436619,0.8906300111761676
18,10,friedman_mse,9468,0.5,21436619,0.8906300111761676
18,10,friedman_mse,9468,0.5,21436619,0.8906300111761676
18,10,friedman_mse,9468,0.5,31443996,0.9202990411151792
18,10,friedman_mse,9468,0.5,31443996,0.9202990411151792
18,10,friedman_mse,9468,0.5,31443996,0.9202990411151792
18,10,friedman_mse,9468,0.5,31443996,0.9202990411151792
18,10,friedman_mse,9468,0.5,31443996,0.9202990411151792
18,10,friedman_mse,9468,0.5,54346448,0.9284566399177004
18,10,friedman_mse,9468,0.5,54346448,0.9284566399177004
18,10,friedman_mse,9468,0.5,54346448,0.9284566399177004
18,10,friedman_mse,9468,0.5,54346448,0.9284566399177004
18,10,friedman_mse,9468,0.5,54346448,0.9284566399177004
18,10,friedman_mse,9468,0.5,86467304,0.9252913934453972
18,10,friedman_mse,9468,0.5,86467304,0.9252913934453972
18,10,friedman_mse,9468,0.5,86467304,0.9252913934453972
18,10,friedman_mse,9468,0.5,86467304,0.9252913934453972
18,10,friedman_mse,9468,0.5,86467304,0.9252913934453972
18,10,friedman_mse,9468,0.7,18760656,0.8605681929892324
18,10,friedman_mse,9468,0.7,18760656,0.8605681929892324
18,10,friedman_mse,9468,0.7,18760656,0.8605681929892324
18,10,friedman_mse,9468,0.7,18760656,0.8605681929892324
18,10,friedman_mse,9468,0.7,18760656,0.8605681929892324
18,10,friedman_mse,9468,0.7,21436619,0.8948737136243043
18,10,friedman_mse,9468,0.7,21436619,0.8948737136243043
18,10,friedman_mse,9468,0.7,21436619,0.8948737136243043
18,10,friedman_mse,9468,0.7,21436619,0.8948737136243043
18,10,friedman_mse,9468,0.7,21436619,0.8948737136243043
18,10,friedman_mse,9468,0.7,31443996,0.9256347145117344
18,10,friedman_mse,9468,0.7,31443996,0.9256347145117344
18,10,friedman_mse,9468,0.7,31443996,0.9256347145117344
18,10,friedman_mse,9468,0.7,31443996,0.9256347145117344
18,10,friedman_mse,9468,0.7,31443996,0.9256347145117344
18,10,friedman_mse,9468,0.7,54346448,0.9335639782107032
18,10,friedman_mse,9468,0.7,54346448,0.9335639782107032
18,10,friedman_mse,9468,0.7,54346448,0.9335639782107032
18,10,friedman_mse,9468,0.7,54346448,0.9335639782107032
18,10,friedman_mse,9468,0.7,54346448,0.9335639782107032
18,10,friedman_mse,9468,0.7,86467304,0.9287994852436918
18,10,friedman_mse,9468,0.7,86467304,0.9287994852436918
18,10,friedman_mse,9468,0.7,86467304,0.9287994852436918
18,10,friedman_mse,9468,0.7,86467304,0.9287994852436918
18,10,friedman_mse,9468,0.7,86467304,0.9287994852436918
18,20,mse,9468,0.1,18760656,0.7988119792679842
18,20,mse,9468,0.1,18760656,0.7988119792679842
18,20,mse,9468,0.1,18760656,0.7988119792679842
18,20,mse,9468,0.1,18760656,0.7988119792679842
18,20,mse,9468,0.1,18760656,0.7988119792679842
18,20,mse,9468,0.1,21436619,0.8713301545155725
18,20,mse,9468,0.1,21436619,0.8713301545155725
18,20,mse,9468,0.1,21436619,0.8713301545155725
18,20,mse,9468,0.1,21436619,0.8713301545155725
18,20,mse,9468,0.1,21436619,0.8713301545155725
18,20,mse,9468,0.1,31443996,0.9029475238988738
18,20,mse,9468,0.1,31443996,0.9029475238988738
18,20,mse,9468,0.1,31443996,0.9029475238988738
18,20,mse,9468,0.1,31443996,0.9029475238988738
18,20,mse,9468,0.1,31443996,0.9029475238988738
18,20,mse,9468,0.1,54346448,0.9113349465277872
18,20,mse,9468,0.1,54346448,0.9113349465277872
18,20,mse,9468,0.1,54346448,0.9113349465277872
18,20,mse,9468,0.1,54346448,0.9113349465277872
18,20,mse,9468,0.1,54346448,0.9113349465277872
18,20,mse,9468,0.1,86467304,0.8845979697081855
18,20,mse,9468,0.1,86467304,0.8845979697081855
18,20,mse,9468,0.1,86467304,0.8845979697081855
18,20,mse,9468,0.1,86467304,0.8845979697081855
18,20,mse,9468,0.1,86467304,0.8845979697081855
18,20,mse,9468,0.2,18760656,0.8422557519740236
18,20,mse,9468,0.2,18760656,0.8422557519740236
18,20,mse,9468,0.2,18760656,0.8422557519740236
18,20,mse,9468,0.2,18760656,0.8422557519740236
18,20,mse,9468,0.2,18760656,0.8422557519740236
18,20,mse,9468,0.2,21436619,0.8826011389986981
18,20,mse,9468,0.2,21436619,0.8826011389986981
18,20,mse,9468,0.2,21436619,0.8826011389986981
18,20,mse,9468,0.2,21436619,0.8826011389986981
18,20,mse,9468,0.2,21436619,0.8826011389986981
18,20,mse,9468,0.2,31443996,0.9172658334159992
18,20,mse,9468,0.2,31443996,0.9172658334159992
18,20,mse,9468,0.2,31443996,0.9172658334159992
18,20,mse,9468,0.2,31443996,0.9172658334159992
18,20,mse,9468,0.2,31443996,0.9172658334159992
18,20,mse,9468,0.2,54346448,0.9196158684154933
18,20,mse,9468,0.2,54346448,0.9196158684154933
18,20,mse,9468,0.2,54346448,0.9196158684154933
18,20,mse,9468,0.2,54346448,0.9196158684154933
18,20,mse,9468,0.2,54346448,0.9196158684154933
18,20,mse,9468,0.2,86467304,0.91479749741891
18,20,mse,9468,0.2,86467304,0.91479749741891
18,20,mse,9468,0.2,86467304,0.91479749741891
18,20,mse,9468,0.2,86467304,0.91479749741891
18,20,mse,9468,0.2,86467304,0.91479749741891
18,20,mse,9468,0.5,18760656,0.8594676746789236
18,20,mse,9468,0.5,18760656,0.8594676746789236
18,20,mse,9468,0.5,18760656,0.8594676746789236
18,20,mse,9468,0.5,18760656,0.8594676746789236
18,20,mse,9468,0.5,18760656,0.8594676746789236
18,20,mse,9468,0.5,21436619,0.8898999058281605
18,20,mse,9468,0.5,21436619,0.8898999058281605
18,20,mse,9468,0.5,21436619,0.8898999058281605
18,20,mse,9468,0.5,21436619,0.8898999058281605
18,20,mse,9468,0.5,21436619,0.8898999058281605
18,20,mse,9468,0.5,31443996,0.9218931002591404
18,20,mse,9468,0.5,31443996,0.9218931002591404
18,20,mse,9468,0.5,31443996,0.9218931002591404
18,20,mse,9468,0.5,31443996,0.9218931002591404
18,20,mse,9468,0.5,31443996,0.9218931002591404
18,20,mse,9468,0.5,54346448,0.9318485367963416
18,20,mse,9468,0.5,54346448,0.9318485367963416
18,20,mse,9468,0.5,54346448,0.9318485367963416
18,20,mse,9468,0.5,54346448,0.9318485367963416
18,20,mse,9468,0.5,54346448,0.9318485367963416
18,20,mse,9468,0.5,86467304,0.9298499880640321
18,20,mse,9468,0.5,86467304,0.9298499880640321
18,20,mse,9468,0.5,86467304,0.9298499880640321
18,20,mse,9468,0.5,86467304,0.9298499880640321
18,20,mse,9468,0.5,86467304,0.9298499880640321
18,20,mse,9468,0.7,18760656,0.8602429853513565
18,20,mse,9468,0.7,18760656,0.8602429853513565
18,20,mse,9468,0.7,18760656,0.8602429853513565
18,20,mse,9468,0.7,18760656,0.8602429853513565
18,20,mse,9468,0.7,18760656,0.8602429853513565
18,20,mse,9468,0.7,21436619,0.8939303634906142
18,20,mse,9468,0.7,21436619,0.8939303634906142
18,20,mse,9468,0.7,21436619,0.8939303634906142
18,20,mse,9468,0.7,21436619,0.8939303634906142
18,20,mse,9468,0.7,21436619,0.8939303634906142
18,20,mse,9468,0.7,31443996,0.9287003992048148
18,20,mse,9468,0.7,31443996,0.9287003992048148
18,20,mse,9468,0.7,31443996,0.9287003992048148
18,20,mse,9468,0.7,31443996,0.9287003992048148
18,20,mse,9468,0.7,31443996,0.9287003992048148
18,20,mse,9468,0.7,54346448,0.9373042575585462
18,20,mse,9468,0.7,54346448,0.9373042575585462
18,20,mse,9468,0.7,54346448,0.9373042575585462
18,20,mse,9468,0.7,54346448,0.9373042575585462
18,20,mse,9468,0.7,54346448,0.9373042575585462
18,20,mse,9468,0.7,86467304,0.93119257533962
18,20,mse,9468,0.7,86467304,0.93119257533962
18,20,mse,9468,0.7,86467304,0.93119257533962
18,20,mse,9468,0.7,86467304,0.93119257533962
18,20,mse,9468,0.7,86467304,0.93119257533962
18,20,friedman_mse,9468,0.1,18760656,0.7988253293333994
18,20,friedman_mse,9468,0.1,18760656,0.7988253293333994
18,20,friedman_mse,9468,0.1,18760656,0.7988253293333994
18,20,friedman_mse,9468,0.1,18760656,0.7988253293333994
18,20,friedman_mse,9468,0.1,18760656,0.7988253293333994
18,20,friedman_mse,9468,0.1,21436619,0.8715583652274923
18,20,friedman_mse,9468,0.1,21436619,0.8715583652274923
18,20,friedman_mse,9468,0.1,21436619,0.8715583652274923
18,20,friedman_mse,9468,0.1,21436619,0.8715583652274923
18,20,friedman_mse,9468,0.1,21436619,0.8715583652274923
18,20,friedman_mse,9468,0.1,31443996,0.9036682945193112
18,20,friedman_mse,9468,0.1,31443996,0.9036682945193112
18,20,friedman_mse,9468,0.1,31443996,0.9036682945193112
18,20,friedman_mse,9468,0.1,31443996,0.9036682945193112
18,20,friedman_mse,9468,0.1,31443996,0.9036682945193112
18,20,friedman_mse,9468,0.1,54346448,0.9114646512740836
18,20,friedman_mse,9468,0.1,54346448,0.9114646512740836
18,20,friedman_mse,9468,0.1,54346448,0.9114646512740836
18,20,friedman_mse,9468,0.1,54346448,0.9114646512740836
18,20,friedman_mse,9468,0.1,54346448,0.9114646512740836
18,20,friedman_mse,9468,0.1,86467304,0.8840027694153798
18,20,friedman_mse,9468,0.1,86467304,0.8840027694153798
18,20,friedman_mse,9468,0.1,86467304,0.8840027694153798
18,20,friedman_mse,9468,0.1,86467304,0.8840027694153798
18,20,friedman_mse,9468,0.1,86467304,0.8840027694153798
18,20,friedman_mse,9468,0.2,18760656,0.8423899583643009
18,20,friedman_mse,9468,0.2,18760656,0.8423899583643009
18,20,friedman_mse,9468,0.2,18760656,0.8423899583643009
18,20,friedman_mse,9468,0.2,18760656,0.8423899583643009
18,20,friedman_mse,9468,0.2,18760656,0.8423899583643009
18,20,friedman_mse,9468,0.2,21436619,0.8825680044342751
18,20,friedman_mse,9468,0.2,21436619,0.8825680044342751
18,20,friedman_mse,9468,0.2,21436619,0.8825680044342751
18,20,friedman_mse,9468,0.2,21436619,0.8825680044342751
18,20,friedman_mse,9468,0.2,21436619,0.8825680044342751
18,20,friedman_mse,9468,0.2,31443996,0.9171295538762207
18,20,friedman_mse,9468,0.2,31443996,0.9171295538762207
18,20,friedman_mse,9468,0.2,31443996,0.9171295538762207
18,20,friedman_mse,9468,0.2,31443996,0.9171295538762207
18,20,friedman_mse,9468,0.2,31443996,0.9171295538762207
18,20,friedman_mse,9468,0.2,54346448,0.9195650137276145
18,20,friedman_mse,9468,0.2,54346448,0.9195650137276145
18,20,friedman_mse,9468,0.2,54346448,0.9195650137276145
18,20,friedman_mse,9468,0.2,54346448,0.9195650137276145
18,20,friedman_mse,9468,0.2,54346448,0.9195650137276145
18,20,friedman_mse,9468,0.2,86467304,0.9154479705777712
18,20,friedman_mse,9468,0.2,86467304,0.9154479705777712
18,20,friedman_mse,9468,0.2,86467304,0.9154479705777712
18,20,friedman_mse,9468,0.2,86467304,0.9154479705777712
18,20,friedman_mse,9468,0.2,86467304,0.9154479705777712
18,20,friedman_mse,9468,0.5,18760656,0.8590648211084249
18,20,friedman_mse,9468,0.5,18760656,0.8590648211084249
18,20,friedman_mse,9468,0.5,18760656,0.8590648211084249
18,20,friedman_mse,9468,0.5,18760656,0.8590648211084249
18,20,friedman_mse,9468,0.5,18760656,0.8590648211084249
18,20,friedman_mse,9468,0.5,21436619,0.8900068920269408
18,20,friedman_mse,9468,0.5,21436619,0.8900068920269408
18,20,friedman_mse,9468,0.5,21436619,0.8900068920269408
18,20,friedman_mse,9468,0.5,21436619,0.8900068920269408
18,20,friedman_mse,9468,0.5,21436619,0.8900068920269408
18,20,friedman_mse,9468,0.5,31443996,0.9220445238459168
18,20,friedman_mse,9468,0.5,31443996,0.9220445238459168
18,20,friedman_mse,9468,0.5,31443996,0.9220445238459168
18,20,friedman_mse,9468,0.5,31443996,0.9220445238459168
18,20,friedman_mse,9468,0.5,31443996,0.9220445238459168
18,20,friedman_mse,9468,0.5,54346448,0.9314620526974016
18,20,friedman_mse,9468,0.5,54346448,0.9314620526974016
18,20,friedman_mse,9468,0.5,54346448,0.9314620526974016
18,20,friedman_mse,9468,0.5,54346448,0.9314620526974016
18,20,friedman_mse,9468,0.5,54346448,0.9314620526974016
18,20,friedman_mse,9468,0.5,86467304,0.9299133080870684
18,20,friedman_mse,9468,0.5,86467304,0.9299133080870684
18,20,friedman_mse,9468,0.5,86467304,0.9299133080870684
18,20,friedman_mse,9468,0.5,86467304,0.9299133080870684
18,20,friedman_mse,9468,0.5,86467304,0.9299133080870684
18,20,friedman_mse,9468,0.7,18760656,0.8602629717605982
18,20,friedman_mse,9468,0.7,18760656,0.8602629717605982
18,20,friedman_mse,9468,0.7,18760656,0.8602629717605982
18,20,friedman_mse,9468,0.7,18760656,0.8602629717605982
18,20,friedman_mse,9468,0.7,18760656,0.8602629717605982
18,20,friedman_mse,9468,0.7,21436619,0.8941773373637618
18,20,friedman_mse,9468,0.7,21436619,0.8941773373637618
18,20,friedman_mse,9468,0.7,21436619,0.8941773373637618
18,20,friedman_mse,9468,0.7,21436619,0.8941773373637618
18,20,friedman_mse,9468,0.7,21436619,0.8941773373637618
18,20,friedman_mse,9468,0.7,31443996,0.9284492401131546
18,20,friedman_mse,9468,0.7,31443996,0.9284492401131546
18,20,friedman_mse,9468,0.7,31443996,0.9284492401131546
18,20,friedman_mse,9468,0.7,31443996,0.9284492401131546
18,20,friedman_mse,9468,0.7,31443996,0.9284492401131546
18,20,friedman_mse,9468,0.7,54346448,0.9372579005224996
18,20,friedman_mse,9468,0.7,54346448,0.9372579005224996
18,20,friedman_mse,9468,0.7,54346448,0.9372579005224996
18,20,friedman_mse,9468,0.7,54346448,0.9372579005224996
18,20,friedman_mse,9468,0.7,54346448,0.9372579005224996
18,20,friedman_mse,9468,0.7,86467304,0.9308028047195634
18,20,friedman_mse,9468,0.7,86467304,0.9308028047195634
18,20,friedman_mse,9468,0.7,86467304,0.9308028047195634
18,20,friedman_mse,9468,0.7,86467304,0.9308028047195634
18,20,friedman_mse,9468,0.7,86467304,0.9308028047195634
20,2,mse,9468,0.1,18760656,0.8247299599625181
20,2,mse,9468,0.1,18760656,0.8247299599625181
20,2,mse,9468,0.1,18760656,0.8247299599625181
20,2,mse,9468,0.1,18760656,0.8247299599625181
20,2,mse,9468,0.1,18760656,0.8247299599625181
20,2,mse,9468,0.1,21436619,0.8617777932600077
20,2,mse,9468,0.1,21436619,0.8617777932600077
20,2,mse,9468,0.1,21436619,0.8617777932600077
20,2,mse,9468,0.1,21436619,0.8617777932600077
20,2,mse,9468,0.1,21436619,0.8617777932600077
20,2,mse,9468,0.1,31443996,0.8930505105387092
20,2,mse,9468,0.1,31443996,0.8930505105387092
20,2,mse,9468,0.1,31443996,0.8930505105387092
20,2,mse,9468,0.1,31443996,0.8930505105387092
20,2,mse,9468,0.1,31443996,0.8930505105387092
20,2,mse,9468,0.1,54346448,0.90760168875851
20,2,mse,9468,0.1,54346448,0.90760168875851
20,2,mse,9468,0.1,54346448,0.90760168875851
20,2,mse,9468,0.1,54346448,0.90760168875851
20,2,mse,9468,0.1,54346448,0.90760168875851
20,2,mse,9468,0.1,86467304,0.8885380261738165
20,2,mse,9468,0.1,86467304,0.8885380261738165
20,2,mse,9468,0.1,86467304,0.8885380261738165
20,2,mse,9468,0.1,86467304,0.8885380261738165
20,2,mse,9468,0.1,86467304,0.8885380261738165
20,2,mse,9468,0.2,18760656,0.8356032153501773
20,2,mse,9468,0.2,18760656,0.8356032153501773
20,2,mse,9468,0.2,18760656,0.8356032153501773
20,2,mse,9468,0.2,18760656,0.8356032153501773
20,2,mse,9468,0.2,18760656,0.8356032153501773
20,2,mse,9468,0.2,21436619,0.8778228280556106
20,2,mse,9468,0.2,21436619,0.8778228280556106
20,2,mse,9468,0.2,21436619,0.8778228280556106
20,2,mse,9468,0.2,21436619,0.8778228280556106
20,2,mse,9468,0.2,21436619,0.8778228280556106
20,2,mse,9468,0.2,31443996,0.9078678106249098
20,2,mse,9468,0.2,31443996,0.9078678106249098
20,2,mse,9468,0.2,31443996,0.9078678106249098
20,2,mse,9468,0.2,31443996,0.9078678106249098
20,2,mse,9468,0.2,31443996,0.9078678106249098
20,2,mse,9468,0.2,54346448,0.9135671194511288
20,2,mse,9468,0.2,54346448,0.9135671194511288
20,2,mse,9468,0.2,54346448,0.9135671194511288
20,2,mse,9468,0.2,54346448,0.9135671194511288
20,2,mse,9468,0.2,54346448,0.9135671194511288
20,2,mse,9468,0.2,86467304,0.9065144629579313
20,2,mse,9468,0.2,86467304,0.9065144629579313
20,2,mse,9468,0.2,86467304,0.9065144629579313
20,2,mse,9468,0.2,86467304,0.9065144629579313
20,2,mse,9468,0.2,86467304,0.9065144629579313
20,2,mse,9468,0.5,18760656,0.8671794159051702
20,2,mse,9468,0.5,18760656,0.8671794159051702
20,2,mse,9468,0.5,18760656,0.8671794159051702
20,2,mse,9468,0.5,18760656,0.8671794159051702
20,2,mse,9468,0.5,18760656,0.8671794159051702
20,2,mse,9468,0.5,21436619,0.8958010880288434
20,2,mse,9468,0.5,21436619,0.8958010880288434
20,2,mse,9468,0.5,21436619,0.8958010880288434
20,2,mse,9468,0.5,21436619,0.8958010880288434
20,2,mse,9468,0.5,21436619,0.8958010880288434
20,2,mse,9468,0.5,31443996,0.9163418673062186
20,2,mse,9468,0.5,31443996,0.9163418673062186
20,2,mse,9468,0.5,31443996,0.9163418673062186
20,2,mse,9468,0.5,31443996,0.9163418673062186
20,2,mse,9468,0.5,31443996,0.9163418673062186
20,2,mse,9468,0.5,54346448,0.9231636402523096
20,2,mse,9468,0.5,54346448,0.9231636402523096
20,2,mse,9468,0.5,54346448,0.9231636402523096
20,2,mse,9468,0.5,54346448,0.9231636402523096
20,2,mse,9468,0.5,54346448,0.9231636402523096
20,2,mse,9468,0.5,86467304,0.9194484289545509
20,2,mse,9468,0.5,86467304,0.9194484289545509
20,2,mse,9468,0.5,86467304,0.9194484289545509
20,2,mse,9468,0.5,86467304,0.9194484289545509
20,2,mse,9468,0.5,86467304,0.9194484289545509
20,2,mse,9468,0.7,18760656,0.8638984066416232
20,2,mse,9468,0.7,18760656,0.8638984066416232
20,2,mse,9468,0.7,18760656,0.8638984066416232
20,2,mse,9468,0.7,18760656,0.8638984066416232
20,2,mse,9468,0.7,18760656,0.8638984066416232
20,2,mse,9468,0.7,21436619,0.8937494672561187
20,2,mse,9468,0.7,21436619,0.8937494672561187
20,2,mse,9468,0.7,21436619,0.8937494672561187
20,2,mse,9468,0.7,21436619,0.8937494672561187
20,2,mse,9468,0.7,21436619,0.8937494672561187
20,2,mse,9468,0.7,31443996,0.9221966667660576
20,2,mse,9468,0.7,31443996,0.9221966667660576
20,2,mse,9468,0.7,31443996,0.9221966667660576
20,2,mse,9468,0.7,31443996,0.9221966667660576
20,2,mse,9468,0.7,31443996,0.9221966667660576
20,2,mse,9468,0.7,54346448,0.9324229304247932
20,2,mse,9468,0.7,54346448,0.9324229304247932
20,2,mse,9468,0.7,54346448,0.9324229304247932
20,2,mse,9468,0.7,54346448,0.9324229304247932
20,2,mse,9468,0.7,86467304,0.9279961818207572
20,2,mse,9468,0.7,54346448,0.9324229304247932
20,2,mse,9468,0.7,86467304,0.9279961818207572
20,2,mse,9468,0.7,86467304,0.9279961818207572
20,2,mse,9468,0.7,86467304,0.9279961818207572
20,2,mse,9468,0.7,86467304,0.9279961818207572
20,2,friedman_mse,9468,0.1,18760656,0.8237808879192079
20,2,friedman_mse,9468,0.1,18760656,0.8237808879192079
20,2,friedman_mse,9468,0.1,18760656,0.8237808879192079
20,2,friedman_mse,9468,0.1,18760656,0.8237808879192079
20,2,friedman_mse,9468,0.1,18760656,0.8237808879192079
20,2,friedman_mse,9468,0.1,21436619,0.8612269231778209
20,2,friedman_mse,9468,0.1,21436619,0.8612269231778209
20,2,friedman_mse,9468,0.1,21436619,0.8612269231778209
20,2,friedman_mse,9468,0.1,21436619,0.8612269231778209
20,2,friedman_mse,9468,0.1,21436619,0.8612269231778209
20,2,friedman_mse,9468,0.1,31443996,0.8955133210167531
20,2,friedman_mse,9468,0.1,31443996,0.8955133210167531
20,2,friedman_mse,9468,0.1,31443996,0.8955133210167531
20,2,friedman_mse,9468,0.1,31443996,0.8955133210167531
20,2,friedman_mse,9468,0.1,31443996,0.8955133210167531
20,2,friedman_mse,9468,0.1,54346448,0.9046612913851876
20,2,friedman_mse,9468,0.1,54346448,0.9046612913851876
20,2,friedman_mse,9468,0.1,54346448,0.9046612913851876
20,2,friedman_mse,9468,0.1,54346448,0.9046612913851876
20,2,friedman_mse,9468,0.1,54346448,0.9046612913851876
20,2,friedman_mse,9468,0.1,86467304,0.8824618626870322
20,2,friedman_mse,9468,0.1,86467304,0.8824618626870322
20,2,friedman_mse,9468,0.1,86467304,0.8824618626870322
20,2,friedman_mse,9468,0.1,86467304,0.8824618626870322
20,2,friedman_mse,9468,0.1,86467304,0.8824618626870322
20,2,friedman_mse,9468,0.2,18760656,0.8346807402773659
20,2,friedman_mse,9468,0.2,18760656,0.8346807402773659
20,2,friedman_mse,9468,0.2,18760656,0.8346807402773659
20,2,friedman_mse,9468,0.2,18760656,0.8346807402773659
20,2,friedman_mse,9468,0.2,18760656,0.8346807402773659
20,2,friedman_mse,9468,0.2,21436619,0.8760859956571462
20,2,friedman_mse,9468,0.2,21436619,0.8760859956571462
20,2,friedman_mse,9468,0.2,21436619,0.8760859956571462
20,2,friedman_mse,9468,0.2,21436619,0.8760859956571462
20,2,friedman_mse,9468,0.2,21436619,0.8760859956571462
20,2,friedman_mse,9468,0.2,31443996,0.9095221661095176
20,2,friedman_mse,9468,0.2,31443996,0.9095221661095176
20,2,friedman_mse,9468,0.2,31443996,0.9095221661095176
20,2,friedman_mse,9468,0.2,31443996,0.9095221661095176
20,2,friedman_mse,9468,0.2,31443996,0.9095221661095176
20,2,friedman_mse,9468,0.2,54346448,0.9119942683098512
20,2,friedman_mse,9468,0.2,54346448,0.9119942683098512
20,2,friedman_mse,9468,0.2,54346448,0.9119942683098512
20,2,friedman_mse,9468,0.2,54346448,0.9119942683098512
20,2,friedman_mse,9468,0.2,54346448,0.9119942683098512
20,2,friedman_mse,9468,0.2,86467304,0.9088781639253244
20,2,friedman_mse,9468,0.2,86467304,0.9088781639253244
20,2,friedman_mse,9468,0.2,86467304,0.9088781639253244
20,2,friedman_mse,9468,0.2,86467304,0.9088781639253244
20,2,friedman_mse,9468,0.2,86467304,0.9088781639253244
20,2,friedman_mse,9468,0.5,18760656,0.8679625421662845
20,2,friedman_mse,9468,0.5,18760656,0.8679625421662845
20,2,friedman_mse,9468,0.5,18760656,0.8679625421662845
20,2,friedman_mse,9468,0.5,18760656,0.8679625421662845
20,2,friedman_mse,9468,0.5,18760656,0.8679625421662845
20,2,friedman_mse,9468,0.5,21436619,0.8942626682605932
20,2,friedman_mse,9468,0.5,21436619,0.8942626682605932
20,2,friedman_mse,9468,0.5,21436619,0.8942626682605932
20,2,friedman_mse,9468,0.5,21436619,0.8942626682605932
20,2,friedman_mse,9468,0.5,21436619,0.8942626682605932
20,2,friedman_mse,9468,0.5,31443996,0.9161726260488744
20,2,friedman_mse,9468,0.5,31443996,0.9161726260488744
20,2,friedman_mse,9468,0.5,31443996,0.9161726260488744
20,2,friedman_mse,9468,0.5,31443996,0.9161726260488744
20,2,friedman_mse,9468,0.5,31443996,0.9161726260488744
20,2,friedman_mse,9468,0.5,54346448,0.9243410481339008
20,2,friedman_mse,9468,0.5,54346448,0.9243410481339008
20,2,friedman_mse,9468,0.5,54346448,0.9243410481339008
20,2,friedman_mse,9468,0.5,54346448,0.9243410481339008
20,2,friedman_mse,9468,0.5,54346448,0.9243410481339008
20,2,friedman_mse,9468,0.5,86467304,0.920758719163979
20,2,friedman_mse,9468,0.5,86467304,0.920758719163979
20,2,friedman_mse,9468,0.5,86467304,0.920758719163979
20,2,friedman_mse,9468,0.5,86467304,0.920758719163979
20,2,friedman_mse,9468,0.5,86467304,0.920758719163979
20,2,friedman_mse,9468,0.7,18760656,0.8627301530889229
20,2,friedman_mse,9468,0.7,18760656,0.8627301530889229
20,2,friedman_mse,9468,0.7,18760656,0.8627301530889229
20,2,friedman_mse,9468,0.7,18760656,0.8627301530889229
20,2,friedman_mse,9468,0.7,18760656,0.8627301530889229
20,2,friedman_mse,9468,0.7,21436619,0.8934789867040236
20,2,friedman_mse,9468,0.7,21436619,0.8934789867040236
20,2,friedman_mse,9468,0.7,21436619,0.8934789867040236
20,2,friedman_mse,9468,0.7,21436619,0.8934789867040236
20,2,friedman_mse,9468,0.7,31443996,0.9211487855108932
20,2,friedman_mse,9468,0.7,31443996,0.9211487855108932
20,2,friedman_mse,9468,0.7,21436619,0.8934789867040236
20,2,friedman_mse,9468,0.7,31443996,0.9211487855108932
20,2,friedman_mse,9468,0.7,31443996,0.9211487855108932
20,2,friedman_mse,9468,0.7,54346448,0.929451438684024
20,2,friedman_mse,9468,0.7,54346448,0.929451438684024
20,2,friedman_mse,9468,0.7,31443996,0.9211487855108932
20,2,friedman_mse,9468,0.7,54346448,0.929451438684024
20,2,friedman_mse,9468,0.7,54346448,0.929451438684024
20,2,friedman_mse,9468,0.7,86467304,0.9229092156251734
20,2,friedman_mse,9468,0.7,54346448,0.929451438684024
20,2,friedman_mse,9468,0.7,86467304,0.9229092156251734
20,2,friedman_mse,9468,0.7,86467304,0.9229092156251734
20,2,friedman_mse,9468,0.7,86467304,0.9229092156251734
20,2,friedman_mse,9468,0.7,86467304,0.9229092156251734
20,5,mse,9468,0.1,18760656,0.8225036363035321
20,5,mse,9468,0.1,18760656,0.8225036363035321
20,5,mse,9468,0.1,18760656,0.8225036363035321
20,5,mse,9468,0.1,18760656,0.8225036363035321
20,5,mse,9468,0.1,18760656,0.8225036363035321
20,5,mse,9468,0.1,21436619,0.8614852259344079
20,5,mse,9468,0.1,21436619,0.8614852259344079
20,5,mse,9468,0.1,21436619,0.8614852259344079
20,5,mse,9468,0.1,21436619,0.8614852259344079
20,5,mse,9468,0.1,21436619,0.8614852259344079
20,5,mse,9468,0.1,31443996,0.8959235862079589
20,5,mse,9468,0.1,31443996,0.8959235862079589
20,5,mse,9468,0.1,31443996,0.8959235862079589
20,5,mse,9468,0.1,31443996,0.8959235862079589
20,5,mse,9468,0.1,31443996,0.8959235862079589
20,5,mse,9468,0.1,54346448,0.9068728473006318
20,5,mse,9468,0.1,54346448,0.9068728473006318
20,5,mse,9468,0.1,54346448,0.9068728473006318
20,5,mse,9468,0.1,54346448,0.9068728473006318
20,5,mse,9468,0.1,54346448,0.9068728473006318
20,5,mse,9468,0.1,86467304,0.887202640098003
20,5,mse,9468,0.1,86467304,0.887202640098003
20,5,mse,9468,0.1,86467304,0.887202640098003
20,5,mse,9468,0.1,86467304,0.887202640098003
20,5,mse,9468,0.1,86467304,0.887202640098003
20,5,mse,9468,0.2,18760656,0.8364341483172222
20,5,mse,9468,0.2,18760656,0.8364341483172222
20,5,mse,9468,0.2,18760656,0.8364341483172222
20,5,mse,9468,0.2,18760656,0.8364341483172222
20,5,mse,9468,0.2,18760656,0.8364341483172222
20,5,mse,9468,0.2,21436619,0.8798018018381524
20,5,mse,9468,0.2,21436619,0.8798018018381524
20,5,mse,9468,0.2,21436619,0.8798018018381524
20,5,mse,9468,0.2,21436619,0.8798018018381524
20,5,mse,9468,0.2,21436619,0.8798018018381524
20,5,mse,9468,0.2,31443996,0.9092720497676496
20,5,mse,9468,0.2,31443996,0.9092720497676496
20,5,mse,9468,0.2,31443996,0.9092720497676496
20,5,mse,9468,0.2,31443996,0.9092720497676496
20,5,mse,9468,0.2,31443996,0.9092720497676496
20,5,mse,9468,0.2,54346448,0.9132439262608792
20,5,mse,9468,0.2,54346448,0.9132439262608792
20,5,mse,9468,0.2,54346448,0.9132439262608792
20,5,mse,9468,0.2,54346448,0.9132439262608792
20,5,mse,9468,0.2,54346448,0.9132439262608792
20,5,mse,9468,0.2,86467304,0.909249539632944
20,5,mse,9468,0.2,86467304,0.909249539632944
20,5,mse,9468,0.2,86467304,0.909249539632944
20,5,mse,9468,0.2,86467304,0.909249539632944
20,5,mse,9468,0.2,86467304,0.909249539632944
20,5,mse,9468,0.5,18760656,0.8665751355494222
20,5,mse,9468,0.5,18760656,0.8665751355494222
20,5,mse,9468,0.5,18760656,0.8665751355494222
20,5,mse,9468,0.5,18760656,0.8665751355494222
20,5,mse,9468,0.5,18760656,0.8665751355494222
20,5,mse,9468,0.5,21436619,0.8940235931826126
20,5,mse,9468,0.5,21436619,0.8940235931826126
20,5,mse,9468,0.5,21436619,0.8940235931826126
20,5,mse,9468,0.5,21436619,0.8940235931826126
20,5,mse,9468,0.5,21436619,0.8940235931826126
20,5,mse,9468,0.5,31443996,0.9163761841341294
20,5,mse,9468,0.5,31443996,0.9163761841341294
20,5,mse,9468,0.5,31443996,0.9163761841341294
20,5,mse,9468,0.5,31443996,0.9163761841341294
20,5,mse,9468,0.5,31443996,0.9163761841341294
20,5,mse,9468,0.5,54346448,0.9244588955639352
20,5,mse,9468,0.5,54346448,0.9244588955639352
20,5,mse,9468,0.5,54346448,0.9244588955639352
20,5,mse,9468,0.5,54346448,0.9244588955639352
20,5,mse,9468,0.5,54346448,0.9244588955639352
20,5,mse,9468,0.5,86467304,0.9233877773771448
20,5,mse,9468,0.5,86467304,0.9233877773771448
20,5,mse,9468,0.5,86467304,0.9233877773771448
20,5,mse,9468,0.5,86467304,0.9233877773771448
20,5,mse,9468,0.5,86467304,0.9233877773771448
20,5,mse,9468,0.7,18760656,0.8677537864368509
20,5,mse,9468,0.7,18760656,0.8677537864368509
20,5,mse,9468,0.7,18760656,0.8677537864368509
20,5,mse,9468,0.7,21436619,0.8929192081189755
20,5,mse,9468,0.7,18760656,0.8677537864368509
20,5,mse,9468,0.7,18760656,0.8677537864368509
20,5,mse,9468,0.7,21436619,0.8929192081189755
20,5,mse,9468,0.7,21436619,0.8929192081189755
20,5,mse,9468,0.7,21436619,0.8929192081189755
20,5,mse,9468,0.7,31443996,0.923343497970071
20,5,mse,9468,0.7,21436619,0.8929192081189755
20,5,mse,9468,0.7,31443996,0.923343497970071
20,5,mse,9468,0.7,31443996,0.923343497970071
20,5,mse,9468,0.7,31443996,0.923343497970071
20,5,mse,9468,0.7,54346448,0.9322165585269899
20,5,mse,9468,0.7,31443996,0.923343497970071
20,5,mse,9468,0.7,54346448,0.9322165585269899
20,5,mse,9468,0.7,54346448,0.9322165585269899
20,5,mse,9468,0.7,86467304,0.9265115138509696
20,5,mse,9468,0.7,54346448,0.9322165585269899
20,5,mse,9468,0.7,54346448,0.9322165585269899
20,5,mse,9468,0.7,86467304,0.9265115138509696
20,5,mse,9468,0.7,86467304,0.9265115138509696
20,5,mse,9468,0.7,86467304,0.9265115138509696
20,5,mse,9468,0.7,86467304,0.9265115138509696
20,5,friedman_mse,9468,0.1,18760656,0.8257896929230668
20,5,friedman_mse,9468,0.1,18760656,0.8257896929230668
20,5,friedman_mse,9468,0.1,18760656,0.8257896929230668
20,5,friedman_mse,9468,0.1,18760656,0.8257896929230668
20,5,friedman_mse,9468,0.1,18760656,0.8257896929230668
20,5,friedman_mse,9468,0.1,21436619,0.8597936888700071
20,5,friedman_mse,9468,0.1,21436619,0.8597936888700071
20,5,friedman_mse,9468,0.1,21436619,0.8597936888700071
20,5,friedman_mse,9468,0.1,21436619,0.8597936888700071
20,5,friedman_mse,9468,0.1,21436619,0.8597936888700071
20,5,friedman_mse,9468,0.1,31443996,0.8963123181496415
20,5,friedman_mse,9468,0.1,31443996,0.8963123181496415
20,5,friedman_mse,9468,0.1,31443996,0.8963123181496415
20,5,friedman_mse,9468,0.1,31443996,0.8963123181496415
20,5,friedman_mse,9468,0.1,31443996,0.8963123181496415
20,5,friedman_mse,9468,0.1,54346448,0.907572536167426
20,5,friedman_mse,9468,0.1,54346448,0.907572536167426
20,5,friedman_mse,9468,0.1,54346448,0.907572536167426
20,5,friedman_mse,9468,0.1,54346448,0.907572536167426
20,5,friedman_mse,9468,0.1,54346448,0.907572536167426
20,5,friedman_mse,9468,0.1,86467304,0.8850915217090309
20,5,friedman_mse,9468,0.1,86467304,0.8850915217090309
20,5,friedman_mse,9468,0.1,86467304,0.8850915217090309
20,5,friedman_mse,9468,0.1,86467304,0.8850915217090309
20,5,friedman_mse,9468,0.1,86467304,0.8850915217090309
20,5,friedman_mse,9468,0.2,18760656,0.8364729303919791
20,5,friedman_mse,9468,0.2,18760656,0.8364729303919791
20,5,friedman_mse,9468,0.2,18760656,0.8364729303919791
20,5,friedman_mse,9468,0.2,18760656,0.8364729303919791
20,5,friedman_mse,9468,0.2,18760656,0.8364729303919791
20,5,friedman_mse,9468,0.2,21436619,0.878759304004957
20,5,friedman_mse,9468,0.2,21436619,0.878759304004957
20,5,friedman_mse,9468,0.2,21436619,0.878759304004957
20,5,friedman_mse,9468,0.2,21436619,0.878759304004957
20,5,friedman_mse,9468,0.2,21436619,0.878759304004957
20,5,friedman_mse,9468,0.2,31443996,0.9084706510822546
20,5,friedman_mse,9468,0.2,31443996,0.9084706510822546
20,5,friedman_mse,9468,0.2,31443996,0.9084706510822546
20,5,friedman_mse,9468,0.2,31443996,0.9084706510822546
20,5,friedman_mse,9468,0.2,31443996,0.9084706510822546
20,5,friedman_mse,9468,0.2,54346448,0.914580950633578
20,5,friedman_mse,9468,0.2,54346448,0.914580950633578
20,5,friedman_mse,9468,0.2,54346448,0.914580950633578
20,5,friedman_mse,9468,0.2,54346448,0.914580950633578
20,5,friedman_mse,9468,0.2,54346448,0.914580950633578
20,5,friedman_mse,9468,0.2,86467304,0.9079641668522108
20,5,friedman_mse,9468,0.2,86467304,0.9079641668522108
20,5,friedman_mse,9468,0.2,86467304,0.9079641668522108
20,5,friedman_mse,9468,0.2,86467304,0.9079641668522108
20,5,friedman_mse,9468,0.2,86467304,0.9079641668522108
20,5,friedman_mse,9468,0.5,18760656,0.8668636248272374
20,5,friedman_mse,9468,0.5,18760656,0.8668636248272374
20,5,friedman_mse,9468,0.5,18760656,0.8668636248272374
20,5,friedman_mse,9468,0.5,18760656,0.8668636248272374
20,5,friedman_mse,9468,0.5,18760656,0.8668636248272374
20,5,friedman_mse,9468,0.5,21436619,0.8928338648819636
20,5,friedman_mse,9468,0.5,21436619,0.8928338648819636
20,5,friedman_mse,9468,0.5,21436619,0.8928338648819636
20,5,friedman_mse,9468,0.5,21436619,0.8928338648819636
20,5,friedman_mse,9468,0.5,21436619,0.8928338648819636
20,5,friedman_mse,9468,0.5,31443996,0.9173731370089802
20,5,friedman_mse,9468,0.5,31443996,0.9173731370089802
20,5,friedman_mse,9468,0.5,31443996,0.9173731370089802
20,5,friedman_mse,9468,0.5,31443996,0.9173731370089802
20,5,friedman_mse,9468,0.5,31443996,0.9173731370089802
20,5,friedman_mse,9468,0.5,54346448,0.9257361952907897
20,5,friedman_mse,9468,0.5,54346448,0.9257361952907897
20,5,friedman_mse,9468,0.5,54346448,0.9257361952907897
20,5,friedman_mse,9468,0.5,54346448,0.9257361952907897
20,5,friedman_mse,9468,0.5,54346448,0.9257361952907897
20,5,friedman_mse,9468,0.5,86467304,0.9221049082820802
20,5,friedman_mse,9468,0.5,86467304,0.9221049082820802
20,5,friedman_mse,9468,0.5,86467304,0.9221049082820802
20,5,friedman_mse,9468,0.5,86467304,0.9221049082820802
20,5,friedman_mse,9468,0.5,86467304,0.9221049082820802
20,5,friedman_mse,9468,0.7,18760656,0.8678519101197233
20,5,friedman_mse,9468,0.7,18760656,0.8678519101197233
20,5,friedman_mse,9468,0.7,18760656,0.8678519101197233
20,5,friedman_mse,9468,0.7,18760656,0.8678519101197233
20,5,friedman_mse,9468,0.7,18760656,0.8678519101197233
20,5,friedman_mse,9468,0.7,21436619,0.8934802207035208
20,5,friedman_mse,9468,0.7,21436619,0.8934802207035208
20,5,friedman_mse,9468,0.7,21436619,0.8934802207035208
20,5,friedman_mse,9468,0.7,21436619,0.8934802207035208
20,5,friedman_mse,9468,0.7,21436619,0.8934802207035208
20,5,friedman_mse,9468,0.7,31443996,0.9220437158228432
20,5,friedman_mse,9468,0.7,31443996,0.9220437158228432
20,5,friedman_mse,9468,0.7,31443996,0.9220437158228432
20,5,friedman_mse,9468,0.7,31443996,0.9220437158228432
20,5,friedman_mse,9468,0.7,31443996,0.9220437158228432
20,5,friedman_mse,9468,0.7,54346448,0.9299359527981084
20,5,friedman_mse,9468,0.7,54346448,0.9299359527981084
20,5,friedman_mse,9468,0.7,54346448,0.9299359527981084
20,5,friedman_mse,9468,0.7,54346448,0.9299359527981084
20,5,friedman_mse,9468,0.7,54346448,0.9299359527981084
20,5,friedman_mse,9468,0.7,86467304,0.9262521880979276
20,5,friedman_mse,9468,0.7,86467304,0.9262521880979276
20,5,friedman_mse,9468,0.7,86467304,0.9262521880979276
20,5,friedman_mse,9468,0.7,86467304,0.9262521880979276
20,5,friedman_mse,9468,0.7,86467304,0.9262521880979276
20,10,mse,9468,0.1,18760656,0.8235299368859765
20,10,mse,9468,0.1,18760656,0.8235299368859765
20,10,mse,9468,0.1,18760656,0.8235299368859765
20,10,mse,9468,0.1,18760656,0.8235299368859765
20,10,mse,9468,0.1,18760656,0.8235299368859765
20,10,mse,9468,0.1,21436619,0.8626687707167806
20,10,mse,9468,0.1,21436619,0.8626687707167806
20,10,mse,9468,0.1,21436619,0.8626687707167806
20,10,mse,9468,0.1,21436619,0.8626687707167806
20,10,mse,9468,0.1,21436619,0.8626687707167806
20,10,mse,9468,0.1,31443996,0.8972425009833884
20,10,mse,9468,0.1,31443996,0.8972425009833884
20,10,mse,9468,0.1,31443996,0.8972425009833884
20,10,mse,9468,0.1,31443996,0.8972425009833884
20,10,mse,9468,0.1,31443996,0.8972425009833884
20,10,mse,9468,0.1,54346448,0.9045358836003976
20,10,mse,9468,0.1,54346448,0.9045358836003976
20,10,mse,9468,0.1,54346448,0.9045358836003976
20,10,mse,9468,0.1,54346448,0.9045358836003976
20,10,mse,9468,0.1,54346448,0.9045358836003976
20,10,mse,9468,0.1,86467304,0.8952038362098168
20,10,mse,9468,0.1,86467304,0.8952038362098168
20,10,mse,9468,0.1,86467304,0.8952038362098168
20,10,mse,9468,0.1,86467304,0.8952038362098168
20,10,mse,9468,0.1,86467304,0.8952038362098168
20,10,mse,9468,0.2,18760656,0.8392498109924169
20,10,mse,9468,0.2,18760656,0.8392498109924169
20,10,mse,9468,0.2,18760656,0.8392498109924169
20,10,mse,9468,0.2,18760656,0.8392498109924169
20,10,mse,9468,0.2,18760656,0.8392498109924169
20,10,mse,9468,0.2,21436619,0.8802606132099235
20,10,mse,9468,0.2,21436619,0.8802606132099235
20,10,mse,9468,0.2,21436619,0.8802606132099235
20,10,mse,9468,0.2,21436619,0.8802606132099235
20,10,mse,9468,0.2,21436619,0.8802606132099235
20,10,mse,9468,0.2,31443996,0.9112268366582112
20,10,mse,9468,0.2,31443996,0.9112268366582112
20,10,mse,9468,0.2,31443996,0.9112268366582112
20,10,mse,9468,0.2,31443996,0.9112268366582112
20,10,mse,9468,0.2,31443996,0.9112268366582112
20,10,mse,9468,0.2,54346448,0.9175681710660709
20,10,mse,9468,0.2,54346448,0.9175681710660709
20,10,mse,9468,0.2,54346448,0.9175681710660709
20,10,mse,9468,0.2,54346448,0.9175681710660709
20,10,mse,9468,0.2,54346448,0.9175681710660709
20,10,mse,9468,0.2,86467304,0.9135981330820088
20,10,mse,9468,0.2,86467304,0.9135981330820088
20,10,mse,9468,0.2,86467304,0.9135981330820088
20,10,mse,9468,0.2,86467304,0.9135981330820088
20,10,mse,9468,0.2,86467304,0.9135981330820088
20,10,mse,9468,0.5,18760656,0.8652492907587063
20,10,mse,9468,0.5,18760656,0.8652492907587063
20,10,mse,9468,0.5,18760656,0.8652492907587063
20,10,mse,9468,0.5,18760656,0.8652492907587063
20,10,mse,9468,0.5,18760656,0.8652492907587063
20,10,mse,9468,0.5,21436619,0.8962858136619052
20,10,mse,9468,0.5,21436619,0.8962858136619052
20,10,mse,9468,0.5,21436619,0.8962858136619052
20,10,mse,9468,0.5,21436619,0.8962858136619052
20,10,mse,9468,0.5,21436619,0.8962858136619052
20,10,mse,9468,0.5,31443996,0.9179870720637401
20,10,mse,9468,0.5,31443996,0.9179870720637401
20,10,mse,9468,0.5,31443996,0.9179870720637401
20,10,mse,9468,0.5,31443996,0.9179870720637401
20,10,mse,9468,0.5,31443996,0.9179870720637401
20,10,mse,9468,0.5,54346448,0.9287057666112148
20,10,mse,9468,0.5,54346448,0.9287057666112148
20,10,mse,9468,0.5,54346448,0.9287057666112148
20,10,mse,9468,0.5,54346448,0.9287057666112148
20,10,mse,9468,0.5,54346448,0.9287057666112148
20,10,mse,9468,0.5,86467304,0.9255207409317616
20,10,mse,9468,0.5,86467304,0.9255207409317616
20,10,mse,9468,0.5,86467304,0.9255207409317616
20,10,mse,9468,0.5,86467304,0.9255207409317616
20,10,mse,9468,0.5,86467304,0.9255207409317616
20,10,mse,9468,0.7,18760656,0.8664020384743025
20,10,mse,9468,0.7,18760656,0.8664020384743025
20,10,mse,9468,0.7,18760656,0.8664020384743025
20,10,mse,9468,0.7,21436619,0.8954574924880989
20,10,mse,9468,0.7,18760656,0.8664020384743025
20,10,mse,9468,0.7,21436619,0.8954574924880989
20,10,mse,9468,0.7,18760656,0.8664020384743025
20,10,mse,9468,0.7,31443996,0.9228086910040694
20,10,mse,9468,0.7,21436619,0.8954574924880989
20,10,mse,9468,0.7,21436619,0.8954574924880989
20,10,mse,9468,0.7,31443996,0.9228086910040694
20,10,mse,9468,0.7,21436619,0.8954574924880989
20,10,mse,9468,0.7,54346448,0.932029640539864
20,10,mse,9468,0.7,31443996,0.9228086910040694
20,10,mse,9468,0.7,31443996,0.9228086910040694
20,10,mse,9468,0.7,54346448,0.932029640539864
20,10,mse,9468,0.7,31443996,0.9228086910040694
20,10,mse,9468,0.7,86467304,0.9297693157553674
20,10,mse,9468,0.7,54346448,0.932029640539864
20,10,mse,9468,0.7,86467304,0.9297693157553674
20,10,mse,9468,0.7,54346448,0.932029640539864
20,10,mse,9468,0.7,54346448,0.932029640539864
20,10,mse,9468,0.7,86467304,0.9297693157553674
20,10,mse,9468,0.7,86467304,0.9297693157553674
20,10,mse,9468,0.7,86467304,0.9297693157553674
20,10,friedman_mse,9468,0.1,18760656,0.8258318918441272
20,10,friedman_mse,9468,0.1,18760656,0.8258318918441272
20,10,friedman_mse,9468,0.1,18760656,0.8258318918441272
20,10,friedman_mse,9468,0.1,18760656,0.8258318918441272
20,10,friedman_mse,9468,0.1,18760656,0.8258318918441272
20,10,friedman_mse,9468,0.1,21436619,0.8664851586286841
20,10,friedman_mse,9468,0.1,21436619,0.8664851586286841
20,10,friedman_mse,9468,0.1,21436619,0.8664851586286841
20,10,friedman_mse,9468,0.1,21436619,0.8664851586286841
20,10,friedman_mse,9468,0.1,21436619,0.8664851586286841
20,10,friedman_mse,9468,0.1,31443996,0.8988530107533916
20,10,friedman_mse,9468,0.1,31443996,0.8988530107533916
20,10,friedman_mse,9468,0.1,31443996,0.8988530107533916
20,10,friedman_mse,9468,0.1,31443996,0.8988530107533916
20,10,friedman_mse,9468,0.1,31443996,0.8988530107533916
20,10,friedman_mse,9468,0.1,54346448,0.9039235041798324
20,10,friedman_mse,9468,0.1,54346448,0.9039235041798324
20,10,friedman_mse,9468,0.1,54346448,0.9039235041798324
20,10,friedman_mse,9468,0.1,54346448,0.9039235041798324
20,10,friedman_mse,9468,0.1,54346448,0.9039235041798324
20,10,friedman_mse,9468,0.1,86467304,0.8954382504704934
20,10,friedman_mse,9468,0.1,86467304,0.8954382504704934
20,10,friedman_mse,9468,0.1,86467304,0.8954382504704934
20,10,friedman_mse,9468,0.1,86467304,0.8954382504704934
20,10,friedman_mse,9468,0.1,86467304,0.8954382504704934
20,10,friedman_mse,9468,0.2,18760656,0.8386817176336772
20,10,friedman_mse,9468,0.2,18760656,0.8386817176336772
20,10,friedman_mse,9468,0.2,18760656,0.8386817176336772
20,10,friedman_mse,9468,0.2,18760656,0.8386817176336772
20,10,friedman_mse,9468,0.2,18760656,0.8386817176336772
20,10,friedman_mse,9468,0.2,21436619,0.8806141973338222
20,10,friedman_mse,9468,0.2,21436619,0.8806141973338222
20,10,friedman_mse,9468,0.2,21436619,0.8806141973338222
20,10,friedman_mse,9468,0.2,21436619,0.8806141973338222
20,10,friedman_mse,9468,0.2,21436619,0.8806141973338222
20,10,friedman_mse,9468,0.2,31443996,0.9105914390943156
20,10,friedman_mse,9468,0.2,31443996,0.9105914390943156
20,10,friedman_mse,9468,0.2,31443996,0.9105914390943156
20,10,friedman_mse,9468,0.2,31443996,0.9105914390943156
20,10,friedman_mse,9468,0.2,31443996,0.9105914390943156
20,10,friedman_mse,9468,0.2,54346448,0.9171604225172992
20,10,friedman_mse,9468,0.2,54346448,0.9171604225172992
20,10,friedman_mse,9468,0.2,54346448,0.9171604225172992
20,10,friedman_mse,9468,0.2,54346448,0.9171604225172992
20,10,friedman_mse,9468,0.2,54346448,0.9171604225172992
20,10,friedman_mse,9468,0.2,86467304,0.9142866678591756
20,10,friedman_mse,9468,0.2,86467304,0.9142866678591756
20,10,friedman_mse,9468,0.2,86467304,0.9142866678591756
20,10,friedman_mse,9468,0.2,86467304,0.9142866678591756
20,10,friedman_mse,9468,0.2,86467304,0.9142866678591756
20,10,friedman_mse,9468,0.5,18760656,0.8642993389788014
20,10,friedman_mse,9468,0.5,18760656,0.8642993389788014
20,10,friedman_mse,9468,0.5,18760656,0.8642993389788014
20,10,friedman_mse,9468,0.5,18760656,0.8642993389788014
20,10,friedman_mse,9468,0.5,18760656,0.8642993389788014
20,10,friedman_mse,9468,0.5,21436619,0.8955497903845078
20,10,friedman_mse,9468,0.5,21436619,0.8955497903845078
20,10,friedman_mse,9468,0.5,21436619,0.8955497903845078
20,10,friedman_mse,9468,0.5,21436619,0.8955497903845078
20,10,friedman_mse,9468,0.5,21436619,0.8955497903845078
20,10,friedman_mse,9468,0.5,31443996,0.9179831165240656
20,10,friedman_mse,9468,0.5,31443996,0.9179831165240656
20,10,friedman_mse,9468,0.5,31443996,0.9179831165240656
20,10,friedman_mse,9468,0.5,31443996,0.9179831165240656
20,10,friedman_mse,9468,0.5,31443996,0.9179831165240656
20,10,friedman_mse,9468,0.5,54346448,0.9284953810274166
20,10,friedman_mse,9468,0.5,54346448,0.9284953810274166
20,10,friedman_mse,9468,0.5,54346448,0.9284953810274166
20,10,friedman_mse,9468,0.5,54346448,0.9284953810274166
20,10,friedman_mse,9468,0.5,54346448,0.9284953810274166
20,10,friedman_mse,9468,0.5,86467304,0.9248022758040112
20,10,friedman_mse,9468,0.5,86467304,0.9248022758040112
20,10,friedman_mse,9468,0.5,86467304,0.9248022758040112
20,10,friedman_mse,9468,0.5,86467304,0.9248022758040112
20,10,friedman_mse,9468,0.5,86467304,0.9248022758040112
20,10,friedman_mse,9468,0.7,18760656,0.8664619977020278
20,10,friedman_mse,9468,0.7,18760656,0.8664619977020278
20,10,friedman_mse,9468,0.7,18760656,0.8664619977020278
20,10,friedman_mse,9468,0.7,21436619,0.8959962323931941
20,10,friedman_mse,9468,0.7,18760656,0.8664619977020278
20,10,friedman_mse,9468,0.7,21436619,0.8959962323931941
20,10,friedman_mse,9468,0.7,21436619,0.8959962323931941
20,10,friedman_mse,9468,0.7,31443996,0.9231251985612932
20,10,friedman_mse,9468,0.7,21436619,0.8959962323931941
20,10,friedman_mse,9468,0.7,31443996,0.9231251985612932
20,10,friedman_mse,9468,0.7,31443996,0.9231251985612932
20,10,friedman_mse,9468,0.7,31443996,0.9231251985612932
20,10,friedman_mse,9468,0.7,54346448,0.9326682101439508
20,10,friedman_mse,9468,0.7,54346448,0.9326682101439508
20,10,friedman_mse,9468,0.7,18760656,0.8664619977020278
20,10,friedman_mse,9468,0.7,54346448,0.9326682101439508
20,10,friedman_mse,9468,0.7,86467304,0.92970409332186
20,10,friedman_mse,9468,0.7,54346448,0.9326682101439508
20,10,friedman_mse,9468,0.7,86467304,0.92970409332186
20,10,friedman_mse,9468,0.7,21436619,0.8959962323931941
20,10,friedman_mse,9468,0.7,86467304,0.92970409332186
20,10,friedman_mse,9468,0.7,86467304,0.92970409332186
20,10,friedman_mse,9468,0.7,31443996,0.9231251985612932
20,10,friedman_mse,9468,0.7,54346448,0.9326682101439508
20,10,friedman_mse,9468,0.7,86467304,0.92970409332186
20,20,mse,9468,0.1,18760656,0.8325480411639732
20,20,mse,9468,0.1,18760656,0.8325480411639732
20,20,mse,9468,0.1,18760656,0.8325480411639732
20,20,mse,9468,0.1,18760656,0.8325480411639732
20,20,mse,9468,0.1,18760656,0.8325480411639732
20,20,mse,9468,0.1,21436619,0.8651239766049896
20,20,mse,9468,0.1,21436619,0.8651239766049896
20,20,mse,9468,0.1,21436619,0.8651239766049896
20,20,mse,9468,0.1,21436619,0.8651239766049896
20,20,mse,9468,0.1,21436619,0.8651239766049896
20,20,mse,9468,0.1,31443996,0.9022904060355053
20,20,mse,9468,0.1,31443996,0.9022904060355053
20,20,mse,9468,0.1,31443996,0.9022904060355053
20,20,mse,9468,0.1,31443996,0.9022904060355053
20,20,mse,9468,0.1,31443996,0.9022904060355053
20,20,mse,9468,0.1,54346448,0.9110937156876464
20,20,mse,9468,0.1,54346448,0.9110937156876464
20,20,mse,9468,0.1,54346448,0.9110937156876464
20,20,mse,9468,0.1,54346448,0.9110937156876464
20,20,mse,9468,0.1,54346448,0.9110937156876464
20,20,mse,9468,0.1,86467304,0.8844838174582187
20,20,mse,9468,0.1,86467304,0.8844838174582187
20,20,mse,9468,0.1,86467304,0.8844838174582187
20,20,mse,9468,0.1,86467304,0.8844838174582187
20,20,mse,9468,0.1,86467304,0.8844838174582187
20,20,mse,9468,0.2,18760656,0.8420169160286035
20,20,mse,9468,0.2,18760656,0.8420169160286035
20,20,mse,9468,0.2,18760656,0.8420169160286035
20,20,mse,9468,0.2,18760656,0.8420169160286035
20,20,mse,9468,0.2,18760656,0.8420169160286035
20,20,mse,9468,0.2,21436619,0.8824386447204877
20,20,mse,9468,0.2,21436619,0.8824386447204877
20,20,mse,9468,0.2,21436619,0.8824386447204877
20,20,mse,9468,0.2,21436619,0.8824386447204877
20,20,mse,9468,0.2,21436619,0.8824386447204877
20,20,mse,9468,0.2,31443996,0.9174928803888877
20,20,mse,9468,0.2,31443996,0.9174928803888877
20,20,mse,9468,0.2,31443996,0.9174928803888877
20,20,mse,9468,0.2,31443996,0.9174928803888877
20,20,mse,9468,0.2,31443996,0.9174928803888877
20,20,mse,9468,0.2,54346448,0.91953283146654
20,20,mse,9468,0.2,54346448,0.91953283146654
20,20,mse,9468,0.2,54346448,0.91953283146654
20,20,mse,9468,0.2,54346448,0.91953283146654
20,20,mse,9468,0.2,54346448,0.91953283146654
20,20,mse,9468,0.2,86467304,0.9157876177286354
20,20,mse,9468,0.2,86467304,0.9157876177286354
20,20,mse,9468,0.2,86467304,0.9157876177286354
20,20,mse,9468,0.2,86467304,0.9157876177286354
20,20,mse,9468,0.2,86467304,0.9157876177286354
20,20,mse,9468,0.5,18760656,0.8658051483277218
20,20,mse,9468,0.5,18760656,0.8658051483277218
20,20,mse,9468,0.5,18760656,0.8658051483277218
20,20,mse,9468,0.5,18760656,0.8658051483277218
20,20,mse,9468,0.5,18760656,0.8658051483277218
20,20,mse,9468,0.5,21436619,0.8968775254937476
20,20,mse,9468,0.5,21436619,0.8968775254937476
20,20,mse,9468,0.5,21436619,0.8968775254937476
20,20,mse,9468,0.5,21436619,0.8968775254937476
20,20,mse,9468,0.5,21436619,0.8968775254937476
20,20,mse,9468,0.5,31443996,0.9216327751370867
20,20,mse,9468,0.5,31443996,0.9216327751370867
20,20,mse,9468,0.5,31443996,0.9216327751370867
20,20,mse,9468,0.5,31443996,0.9216327751370867
20,20,mse,9468,0.5,31443996,0.9216327751370867
20,20,mse,9468,0.5,54346448,0.931584354168496
20,20,mse,9468,0.5,54346448,0.931584354168496
20,20,mse,9468,0.5,54346448,0.931584354168496
20,20,mse,9468,0.5,54346448,0.931584354168496
20,20,mse,9468,0.5,54346448,0.931584354168496
20,20,mse,9468,0.5,86467304,0.93014415635058
20,20,mse,9468,0.5,86467304,0.93014415635058
20,20,mse,9468,0.5,86467304,0.93014415635058
20,20,mse,9468,0.5,86467304,0.93014415635058
20,20,mse,9468,0.5,86467304,0.93014415635058
20,20,mse,9468,0.7,18760656,0.8667018346129283
20,20,mse,9468,0.7,18760656,0.8667018346129283
20,20,mse,9468,0.7,18760656,0.8667018346129283
20,20,mse,9468,0.7,18760656,0.8667018346129283
20,20,mse,9468,0.7,21436619,0.8966940894531333
20,20,mse,9468,0.7,21436619,0.8966940894531333
20,20,mse,9468,0.7,21436619,0.8966940894531333
20,20,mse,9468,0.7,21436619,0.8966940894531333
20,20,mse,9468,0.7,31443996,0.9266345291757568
20,20,mse,9468,0.7,31443996,0.9266345291757568
20,20,mse,9468,0.7,31443996,0.9266345291757568
20,20,mse,9468,0.7,31443996,0.9266345291757568
20,20,mse,9468,0.7,18760656,0.8667018346129283
20,20,mse,9468,0.7,54346448,0.9365744637253042
20,20,mse,9468,0.7,54346448,0.9365744637253042
20,20,mse,9468,0.7,54346448,0.9365744637253042
20,20,mse,9468,0.7,54346448,0.9365744637253042
20,20,mse,9468,0.7,21436619,0.8966940894531333
20,20,mse,9468,0.7,86467304,0.9308825972589609
20,20,mse,9468,0.7,86467304,0.9308825972589609
20,20,mse,9468,0.7,86467304,0.9308825972589609
20,20,mse,9468,0.7,86467304,0.9308825972589609
20,20,mse,9468,0.7,31443996,0.9266345291757568
20,20,mse,9468,0.7,54346448,0.9365744637253042
20,20,mse,9468,0.7,86467304,0.9308825972589609
20,20,friedman_mse,9468,0.1,18760656,0.8335143236666145
20,20,friedman_mse,9468,0.1,18760656,0.8335143236666145
20,20,friedman_mse,9468,0.1,18760656,0.8335143236666145
20,20,friedman_mse,9468,0.1,18760656,0.8335143236666145
20,20,friedman_mse,9468,0.1,18760656,0.8335143236666145
20,20,friedman_mse,9468,0.1,21436619,0.8658234717891
20,20,friedman_mse,9468,0.1,21436619,0.8658234717891
20,20,friedman_mse,9468,0.1,21436619,0.8658234717891
20,20,friedman_mse,9468,0.1,21436619,0.8658234717891
20,20,friedman_mse,9468,0.1,21436619,0.8658234717891
20,20,friedman_mse,9468,0.1,31443996,0.903094462627549
20,20,friedman_mse,9468,0.1,31443996,0.903094462627549
20,20,friedman_mse,9468,0.1,31443996,0.903094462627549
20,20,friedman_mse,9468,0.1,31443996,0.903094462627549
20,20,friedman_mse,9468,0.1,31443996,0.903094462627549
20,20,friedman_mse,9468,0.1,54346448,0.9114271919174854
20,20,friedman_mse,9468,0.1,54346448,0.9114271919174854
20,20,friedman_mse,9468,0.1,54346448,0.9114271919174854
20,20,friedman_mse,9468,0.1,54346448,0.9114271919174854
20,20,friedman_mse,9468,0.1,54346448,0.9114271919174854
20,20,friedman_mse,9468,0.1,86467304,0.8845779723744966
20,20,friedman_mse,9468,0.1,86467304,0.8845779723744966
20,20,friedman_mse,9468,0.1,86467304,0.8845779723744966
20,20,friedman_mse,9468,0.1,86467304,0.8845779723744966
20,20,friedman_mse,9468,0.1,86467304,0.8845779723744966
20,20,friedman_mse,9468,0.2,18760656,0.8417677341943034
20,20,friedman_mse,9468,0.2,18760656,0.8417677341943034
20,20,friedman_mse,9468,0.2,18760656,0.8417677341943034
20,20,friedman_mse,9468,0.2,18760656,0.8417677341943034
20,20,friedman_mse,9468,0.2,18760656,0.8417677341943034
20,20,friedman_mse,9468,0.2,21436619,0.8823138676151709
20,20,friedman_mse,9468,0.2,21436619,0.8823138676151709
20,20,friedman_mse,9468,0.2,21436619,0.8823138676151709
20,20,friedman_mse,9468,0.2,21436619,0.8823138676151709
20,20,friedman_mse,9468,0.2,21436619,0.8823138676151709
20,20,friedman_mse,9468,0.2,31443996,0.9172061385787558
20,20,friedman_mse,9468,0.2,31443996,0.9172061385787558
20,20,friedman_mse,9468,0.2,31443996,0.9172061385787558
20,20,friedman_mse,9468,0.2,31443996,0.9172061385787558
20,20,friedman_mse,9468,0.2,31443996,0.9172061385787558
20,20,friedman_mse,9468,0.2,54346448,0.9199159118761566
20,20,friedman_mse,9468,0.2,54346448,0.9199159118761566
20,20,friedman_mse,9468,0.2,54346448,0.9199159118761566
20,20,friedman_mse,9468,0.2,54346448,0.9199159118761566
20,20,friedman_mse,9468,0.2,54346448,0.9199159118761566
20,20,friedman_mse,9468,0.2,86467304,0.9152357558877028
20,20,friedman_mse,9468,0.2,86467304,0.9152357558877028
20,20,friedman_mse,9468,0.2,86467304,0.9152357558877028
20,20,friedman_mse,9468,0.2,86467304,0.9152357558877028
20,20,friedman_mse,9468,0.2,86467304,0.9152357558877028
20,20,friedman_mse,9468,0.5,18760656,0.8658171687142974
20,20,friedman_mse,9468,0.5,18760656,0.8658171687142974
20,20,friedman_mse,9468,0.5,18760656,0.8658171687142974
20,20,friedman_mse,9468,0.5,18760656,0.8658171687142974
20,20,friedman_mse,9468,0.5,18760656,0.8658171687142974
20,20,friedman_mse,9468,0.5,21436619,0.8970779602295331
20,20,friedman_mse,9468,0.5,21436619,0.8970779602295331
20,20,friedman_mse,9468,0.5,21436619,0.8970779602295331
20,20,friedman_mse,9468,0.5,21436619,0.8970779602295331
20,20,friedman_mse,9468,0.5,21436619,0.8970779602295331
20,20,friedman_mse,9468,0.5,31443996,0.9217419708166036
20,20,friedman_mse,9468,0.5,31443996,0.9217419708166036
20,20,friedman_mse,9468,0.5,31443996,0.9217419708166036
20,20,friedman_mse,9468,0.5,31443996,0.9217419708166036
20,20,friedman_mse,9468,0.5,31443996,0.9217419708166036
20,20,friedman_mse,9468,0.5,54346448,0.9318604142391672
20,20,friedman_mse,9468,0.5,54346448,0.9318604142391672
20,20,friedman_mse,9468,0.5,54346448,0.9318604142391672
20,20,friedman_mse,9468,0.5,54346448,0.9318604142391672
20,20,friedman_mse,9468,0.5,54346448,0.9318604142391672
20,20,friedman_mse,9468,0.5,86467304,0.9295403649660116
20,20,friedman_mse,9468,0.5,86467304,0.9295403649660116
20,20,friedman_mse,9468,0.5,86467304,0.9295403649660116
20,20,friedman_mse,9468,0.5,86467304,0.9295403649660116
20,20,friedman_mse,9468,0.5,86467304,0.9295403649660116
20,20,friedman_mse,9468,0.7,18760656,0.8662984897014216
20,20,friedman_mse,9468,0.7,18760656,0.8662984897014216
20,20,friedman_mse,9468,0.7,18760656,0.8662984897014216
20,20,friedman_mse,9468,0.7,18760656,0.8662984897014216
20,20,friedman_mse,9468,0.7,21436619,0.8966495440942329
20,20,friedman_mse,9468,0.7,21436619,0.8966495440942329
20,20,friedman_mse,9468,0.7,18760656,0.8662984897014216
20,20,friedman_mse,9468,0.7,21436619,0.8966495440942329
20,20,friedman_mse,9468,0.7,31443996,0.9267408971286348
20,20,friedman_mse,9468,0.7,21436619,0.8966495440942329
20,20,friedman_mse,9468,0.7,31443996,0.9267408971286348
20,20,friedman_mse,9468,0.7,21436619,0.8966495440942329
20,20,friedman_mse,9468,0.7,31443996,0.9267408971286348
20,20,friedman_mse,9468,0.7,31443996,0.9267408971286348
20,20,friedman_mse,9468,0.7,54346448,0.9372803341190536
20,20,friedman_mse,9468,0.7,54346448,0.9372803341190536
20,20,friedman_mse,9468,0.7,31443996,0.9267408971286348
20,20,friedman_mse,9468,0.7,54346448,0.9372803341190536
20,20,friedman_mse,9468,0.7,54346448,0.9372803341190536
20,20,friedman_mse,9468,0.7,86467304,0.9306378416118092
20,20,friedman_mse,9468,0.7,86467304,0.9306378416118092
20,20,friedman_mse,9468,0.7,86467304,0.9306378416118092
20,20,friedman_mse,9468,0.7,54346448,0.9372803341190536
20,20,friedman_mse,9468,0.7,86467304,0.9306378416118092
20,20,friedman_mse,9468,0.7,86467304,0.9306378416118092
