Precon,Solver,SeqGS,SeqSOR,CGSolver,BiCGSTABSolver,LoopSolver,GradientSolver,pre,post,cells,perf
1,1,0,1,0,0,0,1,2,5,50,7319.55857142857
1,1,1,0,0,0,1,0,1,0,50,13218.689285714287
1,1,0,1,0,0,1,0,0,4,51,7655.855357142856
1,1,1,0,0,0,1,0,2,1,52,11976.664285714285
1,1,1,0,0,0,1,0,2,6,53,9882.7925
1,1,1,0,0,0,0,1,2,2,51,9154.703928571429
1,1,1,0,0,1,0,0,1,2,53,10050.642500000002
1,1,1,0,0,0,0,1,1,0,51,11569.489285714286
1,1,1,0,0,0,1,0,3,5,51,9130.739642857143
1,1,1,0,0,0,1,0,2,3,55,10580.721428571429
1,1,0,1,0,1,0,0,3,1,50,9600.6725
1,1,0,1,1,0,0,0,4,5,50,7374.263214285714
1,1,0,1,0,1,0,0,2,1,50,9632.08392857143
1,1,1,0,1,0,0,0,4,1,52,12330.353571428572
1,1,1,0,0,1,0,0,0,2,53,10082.863571428572
1,1,0,1,0,1,0,0,3,5,53,10800.989285714288
1,1,1,0,0,0,0,1,0,6,50,6634.912499999998
1,1,1,0,1,0,0,0,4,1,50,8753.800714285715
1,1,1,0,0,0,0,1,4,6,53,7731.5153571428555
1,1,0,1,0,1,0,0,1,5,54,11265.485714285713
1,1,1,0,0,1,0,0,3,4,53,9883.890357142856
1,1,1,0,0,1,0,0,4,5,50,6610.518928571428
1,1,1,0,0,0,0,1,0,6,52,7435.688928571426
1,1,1,0,0,0,0,1,3,3,53,10056.926428571429
1,1,0,1,0,1,0,0,1,1,54,14143.63928571429
1,1,0,1,0,0,1,0,4,5,55,11726.953571428572
1,1,1,0,0,0,1,0,1,0,52,16783.885714285716
1,1,1,0,1,0,0,0,1,3,50,8795.108214285716
1,1,1,0,0,0,0,1,5,5,54,7640.625357142858
1,1,1,0,0,0,0,1,1,6,55,7958.739999999998
1,1,0,1,0,0,1,0,0,4,53,10802.364285714284
1,1,1,0,0,0,1,0,1,2,51,6867.651428571429
1,1,1,0,0,1,0,0,2,3,50,8872.176071428568
1,1,1,0,0,1,0,0,1,2,52,9805.199642857144
1,1,0,1,1,0,0,0,5,4,52,10486.157142857144
1,1,1,0,0,0,1,0,6,5,51,6837.88607142857
1,1,1,0,0,1,0,0,0,1,53,22299.70357142857
1,1,0,1,1,0,0,0,5,1,55,14562.467857142854
1,1,1,0,0,0,0,1,3,6,54,7818.4071428571415
1,1,1,0,0,0,1,0,1,3,54,10409.453571428574
1,1,0,1,0,0,1,0,2,4,55,11676.982142857145
1,1,0,1,0,0,0,1,1,5,54,11257.614285714284
1,1,0,1,0,0,1,0,1,0,55,23177.10714285714
1,1,1,0,1,0,0,0,0,2,52,12169.199999999999
1,1,0,1,0,0,0,1,0,2,50,9772.779285714283
1,1,0,1,0,1,0,0,0,2,53,10826.932142857142
1,1,0,1,1,0,0,0,0,1,50,24028.20357142857
1,1,1,0,0,0,0,1,5,5,51,6927.4289285714285
1,1,0,1,0,1,0,0,1,2,55,11633.653571428571
1,1,1,0,1,0,0,0,4,5,53,9905.072142857145
1,1,0,1,1,0,0,0,3,3,53,10826.496428571427
1,1,0,1,0,1,0,0,5,0,55,14520.971428571429
1,1,0,1,0,1,0,0,5,2,52,10590.050000000001
1,1,1,0,1,0,0,0,1,2,50,8919.204642857141
1,1,0,1,0,1,0,0,3,0,55,17558.585714285713
1,1,0,1,0,0,1,0,0,1,51,14992.378571428575
1,1,1,0,0,0,0,1,3,3,55,10639.210714285715
1,1,0,1,1,0,0,0,5,5,50,7214.219285714286
1,1,1,0,1,0,0,0,2,6,52,7308.233214285713
1,1,0,1,0,1,0,0,0,5,51,10108.161071428573
1,1,1,0,0,0,1,0,4,6,52,7429.706071428572
1,1,1,0,0,0,1,0,3,6,54,10194.514285714284
1,1,1,0,1,0,0,0,6,6,50,6831.62
1,1,1,0,0,0,0,1,3,3,52,9742.049285714284
1,1,1,0,0,0,0,1,3,4,54,10614.732142857145
1,1,1,0,1,0,0,0,0,1,54,30644.571428571428
1,1,0,1,1,0,0,0,4,2,54,11187.917857142855
1,1,0,1,0,1,0,0,1,2,51,10018.908214285717
1,1,1,0,0,0,0,1,1,1,50,11102.321428571431
1,1,0,1,0,0,0,1,5,3,51,7626.6332142857145
1,1,1,0,0,0,1,0,6,4,52,9796.393214285714
1,1,0,1,0,0,0,1,3,5,52,7818.220357142856
1,1,0,1,0,0,0,1,2,5,51,7605.792142857143
1,1,1,0,0,0,1,0,4,5,52,7286.390357142857
1,1,1,0,0,1,0,0,5,0,53,14824.09642857143
1,1,1,0,0,0,0,1,0,5,55,10566.86071428571
1,1,0,1,0,1,0,0,0,5,55,11634.092857142854
1,1,1,0,0,1,0,0,1,4,55,10625.592857142856
1,1,0,1,0,0,1,0,0,5,55,11631.503571428575
1,1,1,0,0,1,0,0,4,0,54,15478.739285714288
1,1,1,0,1,0,0,0,2,0,55,18612.925
1,1,0,1,0,0,0,1,4,3,52,10482.296428571426
1,1,1,0,1,0,0,0,5,6,52,7479.9975
1,1,0,1,0,0,0,1,2,6,52,7893.027857142857
1,1,1,0,1,0,0,0,6,3,55,10633.114285714288
1,1,0,1,1,0,0,0,4,1,50,12111.321428571426
1,1,1,0,0,1,0,0,0,2,52,9602.479285714286
1,1,1,0,1,0,0,0,0,2,51,11420.835714285715
1,1,1,0,0,0,0,1,5,1,51,9100.629285714285
1,1,1,0,0,0,0,1,5,1,52,9757.888571428572
1,1,1,0,0,1,0,0,4,4,53,10003.841428571428
1,1,1,0,0,0,1,0,0,4,51,6884.062142857144
1,1,1,0,0,0,1,0,5,0,50,6713.296071428571
1,1,0,1,0,0,1,0,4,0,50,7303.246428571428
1,1,0,1,0,0,0,1,6,1,54,11234.460714285717
1,1,1,0,0,1,0,0,1,6,52,7274.241785714286
1,1,1,0,0,0,0,1,6,3,54,7669.565714285714
1,1,0,1,0,0,0,1,4,6,53,8222.682857142854
1,1,0,1,1,0,0,0,3,4,50,9677.890357142858
1,1,1,0,1,0,0,0,3,2,54,10333.800000000001
1,1,0,1,0,0,1,0,5,2,51,7644.741071428571
1,1,0,1,1,0,0,0,3,1,53,13598.42857142857
1,1,1,0,1,0,0,0,0,3,53,10214.850714285714
1,1,1,0,1,0,0,0,2,3,54,10300.5
1,1,0,1,0,1,0,0,5,6,53,10829.107142857143
1,1,1,0,0,0,0,1,5,4,50,6669.8674999999985
1,1,0,1,0,0,0,1,0,4,55,11601.69285714286
1,1,0,1,0,1,0,0,0,4,50,9826.567142857142
1,1,0,1,1,0,0,0,4,3,53,10966.385714285716
1,1,1,0,0,0,1,0,0,1,53,12337.825
1,1,1,0,0,0,0,1,5,0,51,11482.782142857139
1,1,0,1,1,0,0,0,4,1,51,12523.300000000001
1,1,1,0,0,0,1,0,1,3,52,7312.147857142857
1,1,1,0,0,0,1,0,1,2,55,10562.510714285716
1,1,1,0,1,0,0,0,5,4,50,8791.951071428572
1,1,1,0,0,0,1,0,5,0,51,9219.008214285715
1,1,0,1,0,0,0,1,3,2,54,11202.446428571426
1,1,0,1,0,1,0,0,6,1,54,11309.207142857142
1,1,1,0,1,0,0,0,4,0,54,15293.221428571425
1,1,0,1,0,1,0,0,3,2,52,10485.417857142855
1,1,0,1,0,0,1,0,1,4,50,7210.2410714285725
1,1,0,1,1,0,0,0,5,2,54,11262.850000000002
1,1,0,1,0,1,0,0,2,0,54,16810.97142857143
1,1,1,0,0,1,0,0,3,2,52,9541.009285714286
1,1,1,0,1,0,0,0,0,3,51,9131.808928571427
1,1,0,1,0,0,0,1,0,1,54,22407.632142857135
1,1,1,0,0,1,0,0,6,2,50,8846.367142857143
1,1,1,0,0,0,1,0,5,5,55,10549.214285714288
1,1,1,0,0,0,0,1,0,4,51,9123.343214285715
1,1,0,1,0,0,0,1,4,6,51,7625.390357142855
1,1,1,0,0,0,1,0,4,3,53,9841.75392857143
1,1,0,1,0,0,0,1,5,1,51,10032.178928571428
1,1,1,0,0,1,0,0,0,1,52,19297.95357142857
1,1,1,0,0,0,1,0,0,2,52,9646.160357142857
1,1,1,0,0,1,0,0,6,1,55,10685.253571428571
1,1,1,0,1,0,0,0,4,2,52,9888.01857142857
1,1,1,0,0,0,1,0,6,4,51,6893.9875
1,1,1,0,0,0,1,0,4,0,53,12314.210714285713
1,1,1,0,1,0,0,0,5,4,55,10611.689285714285
1,1,0,1,1,0,0,0,3,3,52,10519.596428571427
1,1,0,1,1,0,0,0,3,6,50,7206.391428571427
1,1,0,1,0,1,0,0,6,2,50,9650.707857142857
1,1,0,1,0,0,0,1,3,6,50,7261.772142857143
1,1,1,0,0,0,0,1,0,6,51,6950.106071428573
1,1,0,1,1,0,0,0,5,4,54,11211.185714285715
1,1,1,0,1,0,0,0,0,4,50,8752.993214285712
1,1,0,1,0,1,0,0,0,6,53,10882.92857142857
1,1,0,1,0,1,0,0,6,0,53,13489.067857142854
1,1,0,1,0,0,1,0,0,5,52,7943.976785714285
1,1,1,0,0,0,1,0,5,1,55,10708.682142857142
1,1,0,1,1,0,0,0,6,1,54,14082.460714285715
1,1,0,1,0,0,0,1,2,5,54,11269.842857142858
1,1,0,1,0,0,1,0,6,1,51,7668.067142857141
1,1,0,1,1,0,0,0,0,4,54,11294.982142857145
1,1,0,1,0,1,0,0,3,2,50,9661.805000000004
1,1,0,1,0,0,0,1,0,3,54,11219.30357142857
1,1,1,0,0,1,0,0,1,1,50,11001.096428571427
1,1,0,1,0,0,0,1,0,1,51,19957.067857142854
1,1,1,0,0,0,0,1,6,6,52,7407.595000000001
1,1,1,0,0,0,1,0,3,1,53,10010.391071428572
1,1,0,1,1,0,0,0,5,4,51,10042.556071428571
1,1,0,1,0,1,0,0,5,5,52,10494.314285714287
1,1,1,0,0,1,0,0,1,5,54,10385.996428571432
1,1,0,1,0,0,0,1,0,4,54,11245.514285714284
1,1,1,0,1,0,0,0,4,4,54,10212.689285714287
1,1,1,0,0,0,0,1,5,2,50,8774.999285714288
1,1,1,0,0,0,1,0,1,4,52,7265.192142857141
1,1,0,1,0,1,0,0,2,1,53,10844.342857142858
1,1,1,0,0,0,0,1,6,0,52,9797.427500000002
1,1,1,0,0,0,1,0,0,4,52,7270.348928571429
1,1,1,0,0,0,1,0,4,3,52,9725.628928571428
1,1,1,0,1,0,0,0,3,4,53,10207.74107142857
1,1,1,0,0,0,1,0,1,2,50,4422.172142857142
1,1,0,1,0,0,1,0,4,2,55,11742.775000000003
1,1,0,1,0,0,0,1,0,4,52,10478.160714285716
1,1,0,1,0,0,0,1,3,6,54,8476.712142857143
1,1,1,0,0,1,0,0,5,1,54,10406.028571428571
1,1,1,0,1,0,0,0,0,3,55,10613.828571428572
1,1,1,0,0,0,1,0,5,4,52,7234.396071428572
1,1,0,1,0,1,0,0,5,0,50,12077.692857142858
1,1,0,1,0,1,0,0,1,4,50,9633.61607142857
1,1,0,1,0,0,1,0,2,0,50,9782.72107142857
1,1,0,1,1,0,0,0,2,6,53,10785.642857142857
1,1,1,0,0,0,0,1,6,4,53,7564.95642857143
1,1,0,1,0,1,0,0,1,6,54,11243.674999999997
1,1,1,0,0,0,1,0,4,5,54,10239.614285714286
1,1,1,0,0,0,1,0,4,0,51,9564.535
1,1,0,1,0,1,0,0,0,6,51,9997.685000000001
1,1,0,1,0,0,1,0,2,1,55,14508.825
1,1,0,1,0,1,0,0,5,2,53,10824.607142857145
1,1,0,1,0,0,1,0,3,1,51,10107.5275
1,1,0,1,0,0,1,0,3,5,55,11635.971428571427
1,1,1,0,1,0,0,0,6,4,54,10369.07142857143
1,1,0,1,1,0,0,0,0,3,55,11645.692857142858
1,1,0,1,0,0,0,1,3,1,52,10674.835714285713
1,1,1,0,1,0,0,0,5,1,54,12881.475000000002
1,1,1,0,1,0,0,0,1,6,50,6647.824642857144
1,1,1,0,1,0,0,0,3,1,54,12802.132142857141
1,1,0,1,1,0,0,0,2,1,55,14543.028571428573
1,1,0,1,0,0,0,1,5,5,53,8250.779642857144
1,1,1,0,0,0,0,1,0,1,52,19209.41785714286
1,1,1,0,0,0,1,0,2,4,55,10591.30714285714
1,1,1,0,1,0,0,0,0,5,55,10588.753571428571
1,1,1,0,1,0,0,0,6,1,51,9188.268928571428
1,1,0,1,0,1,0,0,5,1,53,10849.942857142856
1,1,1,0,0,0,0,1,0,5,51,9104.079999999998
1,1,1,0,1,0,0,0,5,5,52,7328.257857142856
1,1,1,0,0,1,0,0,2,5,55,10725.035714285712
1,1,0,1,0,0,0,1,0,6,55,11638.635714285714
1,1,1,0,0,1,0,0,2,4,52,9765.267142857143
1,1,1,0,0,0,1,0,3,6,51,9166.829285714284
1,1,1,0,0,0,0,1,2,6,54,7771.373571428571
1,1,0,1,0,1,0,0,6,3,54,11298.660714285716
1,1,0,1,1,0,0,0,5,4,50,9639.533928571429
1,1,1,0,0,0,0,1,2,0,52,12435.092857142856
1,1,1,0,0,0,1,0,2,1,50,8892.2525
1,1,1,0,1,0,0,0,6,6,52,7203.802142857144
1,1,1,0,0,0,0,1,1,0,50,11118.817857142858
1,1,0,1,0,1,0,0,3,4,53,10837.399999999998
1,1,1,0,0,0,0,1,6,6,50,6690.715357142857
1,1,1,0,0,1,0,0,6,1,52,9528.759642857141
1,1,1,0,0,0,1,0,6,1,55,10563.278571428571
1,1,0,1,1,0,0,0,6,5,50,7289.836785714286
1,1,1,0,0,1,0,0,4,3,53,9903.713928571431
1,1,1,0,0,0,1,0,4,2,53,9963.192857142858
1,1,0,1,0,0,0,1,4,0,53,13656.06785714286
1,1,0,1,1,0,0,0,1,3,52,10548.29285714286
1,1,1,0,0,0,0,1,2,0,51,11409.235714285713
1,1,1,0,0,0,0,1,1,6,51,6866.978928571427
1,1,0,1,1,0,0,0,1,1,52,13142.107142857145
1,1,0,1,0,1,0,0,3,5,55,11626.80357142857
1,1,0,1,0,0,1,0,3,0,53,13480.65357142857
1,1,0,1,0,1,0,0,6,3,51,9986.335714285711
1,1,0,1,0,0,1,0,6,0,53,13583.10357142857
1,1,0,1,0,1,0,0,3,1,55,11651.160714285716
1,1,0,1,1,0,0,0,3,6,53,10913.05
1,1,0,1,0,0,0,1,3,4,53,8241.100714285714
1,1,0,1,0,0,1,0,2,2,50,7246.22857142857
1,1,1,0,0,0,0,1,4,3,51,6850.206071428569
1,1,1,0,1,0,0,0,6,4,50,9031.662142857143
1,1,0,1,0,0,0,1,0,5,54,11291.714285714284
1,1,1,0,1,0,0,0,5,6,50,6760.6792857142855
1,1,1,0,0,0,1,0,5,1,51,7023.923928571428
1,1,1,0,0,0,1,0,5,3,54,10259.324999999999
1,1,1,0,0,0,0,1,3,5,55,7943.472857142857
1,1,1,0,1,0,0,0,0,6,55,10604.282142857146
1,1,1,0,0,1,0,0,3,3,53,9933.668214285713
1,1,0,1,0,0,1,0,1,4,51,10155.850357142857
1,1,1,0,1,0,0,0,5,4,54,10387.192857142856
1,1,1,0,0,0,0,1,2,4,52,9934.675
1,1,1,0,1,0,0,0,2,2,53,9895.980714285713
1,1,0,1,0,1,0,0,4,4,54,11267.732142857143
1,1,0,1,0,0,1,0,3,6,51,9968.723571428573
1,1,1,0,0,0,0,1,3,2,52,9799.108214285714
1,1,1,0,1,0,0,0,5,2,55,10535.842857142858
1,1,1,0,1,0,0,0,3,6,52,7284.3099999999995
1,1,0,1,0,0,1,0,0,6,53,10804.928571428569
1,1,0,1,1,0,0,0,5,0,53,16139.242857142855
1,1,0,1,0,1,0,0,6,4,53,10816.32857142857
1,1,0,1,0,0,1,0,2,5,52,10607.560714285713
1,1,0,1,0,1,0,0,6,2,55,11635.628571428571
1,1,0,1,0,0,1,0,6,1,53,10809.757142857141
1,1,0,1,0,0,1,0,1,4,54,11255.067857142858
1,1,1,0,0,1,0,0,4,0,50,11059.235714285716
1,1,1,0,0,0,1,0,3,1,55,13195.414285714289
1,1,0,1,1,0,0,0,1,1,55,14887.460714285715
1,1,0,1,0,0,0,1,1,3,50,9645.074285714285
1,1,1,0,0,1,0,0,0,1,50,13537.710714285713
1,1,0,1,0,0,1,0,5,3,50,9638.307857142854
1,1,0,1,0,0,1,0,6,2,52,10516.392857142857
1,1,1,0,0,1,0,0,6,4,53,9957.4675
1,1,1,0,0,0,0,1,3,1,53,10339.8925
1,1,0,1,0,1,0,0,2,4,52,10408.403571428573
1,1,1,0,1,0,0,0,0,4,51,9169.559285714286
1,1,1,0,0,0,1,0,4,4,53,9857.061428571427
1,1,0,1,0,1,0,0,6,1,51,9990.495
1,1,1,0,0,1,0,0,4,6,52,7264.461785714287
1,1,0,1,0,1,0,0,3,1,51,10055.060714285715
1,1,0,1,0,1,0,0,6,5,52,7813.935714285713
1,1,0,1,0,0,1,0,3,3,54,11320.871428571429
1,1,0,1,0,0,1,0,2,1,52,13067.021428571428
1,1,0,1,0,0,0,1,2,1,51,10059.7175
1,1,0,1,1,0,0,0,1,5,53,10805.814285714285
1,1,0,1,0,1,0,0,1,0,53,24285.678571428576
1,1,1,0,1,0,0,0,4,1,55,13243.407142857146
1,1,1,0,1,0,0,0,2,4,51,9158.330714285714
1,1,0,1,0,1,0,0,6,5,50,7258.0364285714295
1,1,0,1,0,0,1,0,0,5,51,7539.1278571428575
1,1,0,1,1,0,0,0,0,2,55,14550.160714285714
1,1,0,1,0,0,0,1,4,5,54,8441.657142857142
1,1,1,0,0,0,0,1,6,5,50,6773.457857142857
1,1,0,1,0,0,0,1,1,1,50,12123.77142857143
1,1,0,1,0,0,0,1,5,6,52,7851.342857142855
1,1,1,0,1,0,0,0,1,1,53,12579.121428571429
1,1,1,0,0,0,0,1,2,3,55,10595.842857142856
1,1,0,1,1,0,0,0,3,2,53,10881.846428571429
1,1,0,1,0,1,0,0,5,4,53,10809.282142857142
1,1,0,1,1,0,0,0,6,0,51,15188.375
1,1,1,0,1,0,0,0,1,5,51,9112.8925
1,1,1,0,0,0,0,1,3,1,52,9729.737500000001
1,1,1,0,0,0,1,0,5,6,51,6868.429999999999
1,1,1,0,0,1,0,0,6,0,50,11050.185714285715
1,1,1,0,0,0,0,1,5,4,51,6861.115000000001
1,1,1,0,0,0,1,0,0,2,51,9248.386785714287
1,1,1,0,0,1,0,0,1,2,50,8793.119285714285
1,1,0,1,0,1,0,0,5,5,50,7237.580714285715
1,1,0,1,1,0,0,0,0,6,53,10842.30357142857
1,1,1,0,0,1,0,0,2,6,55,10679.996428571425
1,1,1,0,0,0,0,1,3,1,51,9118.509285714284
1,1,1,0,0,0,1,0,1,1,51,9078.679642857143
1,1,0,1,1,0,0,0,5,3,53,10840.210714285715
1,1,1,0,0,0,0,1,1,2,50,8840.397142857142
1,1,0,1,1,0,0,0,0,1,53,27226.228571428568
1,1,1,0,0,1,0,0,2,6,51,7029.800714285715
1,1,1,0,0,0,0,1,6,6,55,8003.4846428571445
1,1,1,0,0,0,1,0,0,6,51,6890.2078571428565
1,1,1,0,0,0,0,1,5,6,54,7675.251428571429
1,1,1,0,1,0,0,0,0,4,52,9623.4025
1,1,1,0,0,0,0,1,6,6,51,6961.493214285714
1,1,0,1,1,0,0,0,5,5,53,10863.05357142857
1,1,1,0,0,0,1,0,0,3,55,10584.432142857142
1,1,0,1,0,0,1,0,4,4,51,7551.162500000001
1,1,1,0,0,1,0,0,4,6,54,10358.728571428572
1,1,0,1,1,0,0,0,6,0,54,16868.750000000004
1,1,0,1,1,0,0,0,1,6,53,10848.499999999998
1,1,0,1,0,0,1,0,6,4,53,10863.992857142857
1,1,1,0,0,1,0,0,3,1,55,10632.489285714288
1,1,1,0,0,1,0,0,2,6,52,7140.008214285714
1,1,1,0,0,0,0,1,5,6,53,7538.664285714286
1,1,1,0,0,0,1,0,5,6,53,9875.156071428572
1,1,1,0,0,0,0,1,1,1,51,11514.785714285712
1,1,1,0,0,1,0,0,0,4,52,9626.654285714287
1,1,1,0,0,0,1,0,6,5,53,9863.005357142858
1,1,1,0,1,0,0,0,4,1,53,12724.935714285715
1,1,1,0,0,0,0,1,3,0,54,12887.300000000003
1,1,0,1,1,0,0,0,1,1,50,12174.132142857143
1,1,0,1,0,1,0,0,1,5,53,10802.003571428571
1,1,1,0,0,1,0,0,4,3,51,9269.61642857143
1,1,1,0,1,0,0,0,1,1,50,10996.842857142856
1,1,1,0,0,0,0,1,6,3,51,6819.452142857143
1,1,1,0,0,0,0,1,5,1,55,10623.807142857146
1,1,0,1,0,0,0,1,6,5,54,8478.072857142857
1,1,1,0,1,0,0,0,6,2,53,10082.104642857143
1,1,0,1,0,0,1,0,3,1,53,13501.47857142857
1,1,1,0,0,1,0,0,3,3,50,8996.183571428573
1,1,0,1,0,0,1,0,6,5,51,10097.345
1,1,0,1,1,0,0,0,5,2,51,9969.915357142858
1,1,0,1,0,0,0,1,1,6,51,7519.952142857143
1,1,1,0,0,0,1,0,1,6,50,6656.536428571429
1,1,1,0,1,0,0,0,3,1,52,11967.707142857145
1,1,0,1,0,0,0,1,4,2,54,11281.067857142856
1,1,0,1,0,1,0,0,2,4,55,11804.782142857144
1,1,0,1,0,0,1,0,2,3,50,7452.554999999999
1,1,1,0,1,0,0,0,6,5,50,6575.885714285714
1,1,0,1,1,0,0,0,4,4,53,10878.082142857145
1,1,1,0,1,0,0,0,1,4,55,10579.528571428571
1,1,0,1,0,0,1,0,0,3,52,8712.978928571429
1,1,0,1,0,0,0,1,2,6,55,8836.487857142854
1,1,0,1,1,0,0,0,1,6,52,7833.243214285712
1,1,0,1,1,0,0,0,3,3,54,11444.55
1,1,1,0,0,0,1,0,3,4,55,10546.846428571427
1,1,0,1,0,1,0,0,6,6,53,10798.110714285716
1,1,1,0,0,1,0,0,5,3,53,9961.509999999998
1,1,1,0,0,0,1,0,6,4,54,10259.8
1,1,1,0,0,1,0,0,4,6,53,9940.32035714286
1,1,1,0,0,1,0,0,6,5,53,9932.900714285714
1,1,0,1,0,0,0,1,3,5,54,8412.302857142857
1,1,0,1,0,0,1,0,4,4,55,11607.05357142857
1,1,0,1,0,0,0,1,0,5,55,11601.757142857143
1,1,0,1,0,0,0,1,4,1,53,10776.578571428572
1,1,0,1,1,0,0,0,4,2,55,11612.600000000002
1,1,0,1,1,0,0,0,4,1,54,14046.178571428576
1,1,0,1,0,0,0,1,2,4,51,10070.67857142857
1,1,1,0,1,0,0,0,4,3,50,8934.921071428571
1,1,0,1,0,0,0,1,6,3,52,7852.420714285714
1,1,1,0,0,1,0,0,3,0,50,11076.653571428573
1,1,1,0,1,0,0,0,3,2,50,8782.966071428571
1,1,1,0,0,0,1,0,4,3,55,10568.86071428571
1,1,0,1,0,0,1,0,1,5,52,7931.466428571431
1,1,0,1,0,1,0,0,5,6,52,7824.954642857144
1,1,1,0,0,1,0,0,6,6,54,7800.356428571428
1,1,1,0,1,0,0,0,4,3,53,10018.720714285713
1,1,1,0,0,0,1,0,5,2,55,10644.107142857145
1,1,1,0,0,0,1,0,4,1,55,13235.121428571427
1,1,1,0,0,1,0,0,0,3,54,10420.028571428573
1,1,0,1,0,1,0,0,4,3,53,10787.539285714287
1,1,1,0,0,0,1,0,4,4,54,10204.114285714284
1,1,1,0,0,0,0,1,5,6,55,7918.338214285715
1,1,1,0,0,0,0,1,4,0,54,12952.239285714286
1,1,1,0,0,1,0,0,0,2,55,10636.585714285713
1,1,1,0,1,0,0,0,2,3,50,8908.751785714288
1,1,0,1,1,0,0,0,6,6,52,7873.813928571429
1,1,1,0,0,1,0,0,6,3,50,8820.959285714285
1,1,1,0,1,0,0,0,1,0,54,48364.63571428571
1,1,0,1,0,0,0,1,0,6,52,7825.00142857143
1,1,1,0,0,1,0,0,3,2,54,10434.667857142855
1,1,1,0,0,0,0,1,6,1,50,8905.152857142859
1,1,0,1,0,0,0,1,6,1,52,10448.025
1,1,0,1,0,0,1,0,4,4,53,10889.553571428574
1,1,1,0,0,1,0,0,6,2,55,10703.050000000001
1,1,1,0,0,0,0,1,2,4,54,10246.860714285716
1,1,0,1,0,1,0,0,1,4,51,10116.573928571432
1,1,0,1,0,1,0,0,5,3,52,10491.475000000002
1,1,0,1,0,0,1,0,0,4,50,7325.9349999999995
1,1,1,0,1,0,0,0,6,1,53,12628.97142857143
1,1,0,1,0,1,0,0,2,6,53,10945.210714285717
1,1,1,0,0,0,1,0,3,4,54,10312.175
1,1,0,1,0,1,0,0,2,5,53,10793.621428571429
1,1,0,1,0,1,0,0,4,6,52,7884.848571428572
1,1,1,0,1,0,0,0,2,1,53,12505.857142857143
1,1,0,1,0,0,0,1,3,3,54,11178.75
1,1,1,0,0,0,1,0,3,5,50,8855.005714285713
1,1,1,0,0,0,0,1,5,3,52,7495.692499999997
1,1,0,1,1,0,0,0,6,6,55,11671.774999999998
1,1,0,1,0,0,1,0,6,1,50,7241.799285714288
1,1,0,1,0,0,0,1,6,3,50,7368.388571428571
1,1,0,1,0,1,0,0,0,5,53,10808.017857142855
1,1,0,1,0,0,1,0,4,2,50,9615.622500000001
1,1,1,0,0,1,0,0,6,0,51,11520.953571428572
1,1,0,1,1,0,0,0,6,6,50,7332.303571428571
1,1,1,0,0,0,1,0,5,1,50,8825.814285714287
1,1,0,1,0,0,0,1,1,3,51,10000.75392857143
1,1,0,1,0,0,1,0,4,5,50,9618.492857142857
1,1,0,1,1,0,0,0,2,3,51,9968.660714285714
1,1,0,1,0,1,0,0,6,0,55,14640.821428571426
1,1,1,0,1,0,0,0,5,1,51,9092.014285714287
1,1,1,0,0,1,0,0,5,4,52,9702.8275
1,1,0,1,0,0,0,1,2,3,54,11330.1
1,1,1,0,1,0,0,0,2,0,51,15935.778571428575
1,1,0,1,0,1,0,0,0,2,55,14723.128571428566
1,1,0,1,0,0,0,1,5,3,54,11220.52142857143
1,1,1,0,1,0,0,0,0,5,51,9079.328214285715
1,1,0,1,1,0,0,0,4,0,55,17379.442857142854
1,1,1,0,1,0,0,0,4,5,55,10702.642857142857
1,1,0,1,0,0,0,1,6,0,52,13103.496428571429
1,1,1,0,0,0,0,1,2,5,51,6913.948928571425
1,1,1,0,0,1,0,0,2,6,50,6652.707142857143
1,1,1,0,1,0,0,0,4,4,53,10279.789642857142
1,1,1,0,1,0,0,0,5,6,54,10719.771428571426
1,1,1,0,0,1,0,0,5,4,53,9884.145
1,1,1,0,0,0,1,0,0,1,55,15933.132142857143
1,1,0,1,1,0,0,0,4,0,50,14411.41785714286
1,1,0,1,1,0,0,0,4,0,53,16231.982142857145
1,1,0,1,0,0,0,1,1,4,51,9972.018571428573
1,1,0,1,0,0,0,1,1,6,54,8441.93642857143
1,1,0,1,0,0,1,0,0,2,53,11090.357142857145
1,1,0,1,1,0,0,0,3,5,55,11588.914285714285
1,1,0,1,0,1,0,0,2,4,54,11201.671428571428
1,1,1,0,0,0,0,1,0,4,50,8784.214285714286
1,1,1,0,0,0,1,0,6,2,51,6875.359285714286
1,1,1,0,0,0,1,0,6,3,53,9951.681785714285
1,1,0,1,0,1,0,0,6,1,53,10850.482142857143
1,1,1,0,0,0,0,1,4,6,54,7785.062142857142
1,1,1,0,1,0,0,0,4,2,50,8980.808571428572
1,1,1,0,0,0,0,1,5,1,53,10247.902142857141
1,1,0,1,0,1,0,0,5,4,50,7397.181785714284
1,1,1,0,0,1,0,0,6,6,53,7439.380714285713
1,1,0,1,1,0,0,0,2,4,51,10008.475357142856
1,1,0,1,1,0,0,0,1,0,54,44749.767857142855
1,1,1,0,0,0,0,1,1,0,53,12554.989285714284
1,1,1,0,0,0,0,1,1,1,53,12471.20357142857
1,1,1,0,0,0,1,0,4,0,54,12760.171428571426
1,1,1,0,0,0,0,1,4,2,51,9158.7875
1,1,0,1,1,0,0,0,3,2,52,10573.439285714285
1,1,0,1,0,0,0,1,6,3,51,7480.575357142857
1,1,0,1,0,1,0,0,4,2,53,10804.346428571427
1,1,1,0,0,0,1,0,0,1,51,11391.135714285714
1,1,0,1,0,0,1,0,4,6,50,9709.593214285715
1,1,1,0,0,0,0,1,2,1,50,8756.160714285714
1,1,0,1,0,0,0,1,4,6,55,8695.538214285714
1,1,0,1,0,0,1,0,4,1,55,14527.621428571427
1,1,0,1,0,0,1,0,0,2,55,14593.52142857143
1,1,1,0,1,0,0,0,4,6,53,9912.538928571428
1,1,1,0,0,1,0,0,3,5,52,7311.658928571431
1,1,1,0,0,0,1,0,5,5,53,9878.416428571427
1,1,0,1,0,1,0,0,6,1,50,9751.68607142857
1,1,1,0,1,0,0,0,6,2,52,9997.789642857142
1,1,1,0,1,0,0,0,2,1,51,11399.899999999998
1,1,0,1,1,0,0,0,5,0,52,15615.94642857143
1,1,1,0,1,0,0,0,4,6,51,6964.876785714287
1,1,0,1,1,0,0,0,0,2,53,13480.47857142857
1,1,0,1,0,1,0,0,2,3,51,10235.369285714287
1,1,1,0,1,0,0,0,3,2,53,9948.544285714288
1,1,0,1,0,0,1,0,0,5,53,10880.839285714286
1,1,1,0,0,0,1,0,4,3,50,8924.88892857143
1,1,0,1,0,0,0,1,1,1,52,13012.264285714282
1,1,0,1,0,0,0,1,4,4,52,7820.572142857144
1,1,0,1,0,0,0,1,1,1,55,14473.492857142855
1,1,0,1,1,0,0,0,5,6,50,7360.243214285714
1,1,0,1,0,0,0,1,4,3,51,10099.802857142859
1,1,1,0,0,1,0,0,2,1,52,9549.211785714286
1,1,0,1,0,0,1,0,2,3,53,10800.882142857143
1,1,1,0,0,1,0,0,3,5,50,6733.858214285714
1,1,1,0,0,1,0,0,4,1,52,9601.835000000003
1,1,1,0,1,0,0,0,2,4,54,10231.860714285716
1,1,0,1,0,0,1,0,3,0,55,14606.892857142859
1,1,0,1,0,0,0,1,6,4,54,8432.337857142857
1,1,1,0,0,1,0,0,3,4,54,10295.667857142858
1,1,0,1,1,0,0,0,6,1,53,13720.239285714284
1,1,0,1,0,0,0,1,4,2,55,11662.546428571428
1,1,1,0,1,0,0,0,5,1,50,8925.21892857143
1,1,1,0,0,0,0,1,3,4,53,7856.523571428573
1,1,0,1,0,0,0,1,1,4,55,11635.821428571426
1,1,0,1,0,1,0,0,2,2,55,14536.871428571427
1,1,0,1,0,0,1,0,2,0,51,10067.975000000002
1,1,1,0,1,0,0,0,5,5,54,10569.714285714288
1,1,1,0,0,0,1,0,2,1,54,12821.521428571432
1,1,0,1,0,0,1,0,3,6,53,10937.828571428572
1,1,1,0,0,0,1,0,2,2,52,9560.767142857143
1,1,1,0,0,1,0,0,0,3,50,8809.896785714287
1,1,1,0,0,0,1,0,4,4,50,8836.482142857141
1,1,1,0,1,0,0,0,5,3,51,9152.130714285715
1,1,0,1,1,0,0,0,2,5,50,7265.456071428571
1,1,0,1,0,0,0,1,5,0,55,14497.228571428572
1,1,0,1,0,0,0,1,5,1,53,10868.421428571428
1,1,1,0,0,0,0,1,5,3,50,6666.358214285714
1,1,0,1,1,0,0,0,6,5,55,11611.496428571427
1,1,0,1,0,1,0,0,6,2,51,10153.530357142858
1,1,1,0,0,0,1,0,0,2,50,8794.190357142857
1,1,0,1,0,0,0,1,1,0,51,18011.260714285716
1,1,0,1,0,0,1,0,1,5,50,7274.900357142856
1,1,1,0,1,0,0,0,4,5,52,7252.159285714285
1,1,0,1,0,0,1,0,1,3,53,10785.935714285717
1,1,0,1,0,0,0,1,2,2,53,10970.621428571429
1,1,0,1,0,0,0,1,2,6,51,7530.2235714285725
1,1,1,0,0,1,0,0,4,2,52,9619.466785714287
1,1,1,0,0,0,0,1,2,1,53,10148.724642857143
1,1,1,0,0,0,0,1,6,3,52,7272.307142857142
1,1,0,1,0,0,1,0,3,5,51,10084.324642857144
1,1,1,0,1,0,0,0,3,5,50,6646.764642857141
1,1,0,1,1,0,0,0,4,4,50,9680.549285714285
1,1,0,1,1,0,0,0,3,4,55,11588.153571428571
1,1,0,1,1,0,0,0,5,2,52,10413.925000000001
1,1,0,1,0,1,0,0,3,0,53,13509.739285714286
1,1,0,1,1,0,0,0,6,3,55,11746.550000000003
1,1,1,0,0,0,1,0,3,2,55,10551.167857142858
1,1,0,1,0,1,0,0,6,4,55,11735.735714285716
1,1,0,1,0,0,1,0,0,3,53,11044.071428571426
1,1,0,1,1,0,0,0,4,2,50,9665.279642857142
1,1,0,1,1,0,0,0,0,5,51,10124.634642857143
1,1,1,0,0,1,0,0,0,5,53,9878.332857142856
1,1,1,0,1,0,0,0,3,6,54,10231.271428571428
1,1,0,1,0,0,0,1,1,2,51,10076.096785714284
1,1,1,0,0,1,0,0,6,2,52,9561.75
1,1,0,1,0,0,0,1,3,1,51,9957.02214285714
1,1,0,1,0,0,0,1,6,2,51,9970.569285714288
1,1,0,1,1,0,0,0,0,1,55,32063.72142857142
1,1,1,0,1,0,0,0,1,5,53,9876.677857142862
1,1,1,0,0,0,0,1,5,1,54,10188.057142857142
1,1,1,0,0,0,0,1,6,5,52,7278.923571428572
1,1,0,1,0,1,0,0,0,2,50,9609.776785714284
1,1,0,1,1,0,0,0,2,0,55,20277.92857142857
1,1,0,1,0,0,1,0,0,4,55,11708.317857142858
1,1,1,0,0,0,1,0,3,0,52,9791.786785714285
1,1,0,1,0,0,1,0,6,2,51,7571.543928571429
1,1,1,0,0,0,0,1,2,2,53,9887.424642857144
1,1,1,0,0,1,0,0,6,3,55,10680.067857142856
1,1,1,0,0,0,1,0,5,3,52,7238.027857142857
1,1,0,1,0,0,1,0,0,6,52,7865.539642857141
1,1,0,1,0,0,1,0,4,6,52,7894.88607142857
1,1,1,0,0,1,0,0,5,3,55,10765.192857142856
1,1,0,1,0,1,0,0,4,3,51,9982.263214285713
1,1,0,1,0,1,0,0,3,5,51,10049.314285714287
1,1,0,1,1,0,0,0,0,6,54,11342.64642857143
1,1,1,0,0,1,0,0,0,3,51,9229.539285714283
1,1,1,0,0,0,0,1,6,1,55,10618.171428571428
1,1,0,1,0,0,1,0,6,2,54,11214.1
1,1,1,0,1,0,0,0,0,6,50,6745.914642857142
1,1,0,1,0,0,0,1,2,3,51,10025.14607142857
1,1,0,1,0,1,0,0,5,5,53,10856.071428571426
1,1,1,0,0,0,0,1,6,2,55,10616.471428571427
1,1,1,0,0,0,0,1,5,0,53,12422.335714285713
1,1,1,0,0,1,0,0,0,4,53,9899.258214285714
1,1,1,0,0,0,0,1,2,2,54,10404.196428571431
1,1,0,1,0,0,1,0,2,1,54,14167.132142857143
1,1,0,1,0,0,0,1,5,2,51,10071.686785714284
1,1,0,1,0,1,0,0,1,6,50,7237.837142857142
1,1,0,1,1,0,0,0,2,3,54,11230.510714285716
1,1,0,1,0,0,1,0,4,1,51,10297.092857142856
1,1,1,0,0,0,1,0,0,5,51,6864.921071428573
1,1,0,1,0,0,0,1,2,1,55,14580.578571428572
1,1,0,1,0,1,0,0,6,0,51,15023.328571428572
1,1,0,1,1,0,0,0,6,4,52,10490.16785714286
1,1,0,1,0,0,1,0,0,1,53,16270.47142857143
1,1,1,0,0,1,0,0,1,0,55,21222.467857142852
1,1,0,1,0,0,1,0,4,5,53,10869.367857142859
1,1,1,0,0,0,1,0,6,0,53,12441.339285714284
1,1,1,0,0,1,0,0,4,2,53,9916.324285714285
1,1,0,1,0,0,1,0,5,6,50,9775.49107142857
1,1,0,1,0,1,0,0,3,5,54,8404.507500000002
1,1,0,1,0,0,1,0,1,2,54,11234.457142857142
1,1,0,1,0,0,0,1,3,6,51,7663.163214285714
1,1,1,0,0,0,1,0,6,5,52,9678.488214285713
1,1,0,1,1,0,0,0,6,4,51,7596.398214285714
1,1,1,0,0,0,0,1,4,1,50,8773.922142857142
1,1,1,0,0,1,0,0,2,2,51,9276.332142857142
1,1,1,0,0,1,0,0,6,3,53,9889.011785714285
1,1,0,1,0,0,0,1,6,3,54,8612.562142857141
1,1,1,0,0,0,1,0,3,2,53,9815.322857142857
1,1,1,0,0,0,1,0,3,4,53,9959.477142857144
1,1,0,1,0,0,0,1,0,5,51,10039.1225
1,1,0,1,0,0,0,1,3,3,52,10447.16071428572
1,1,1,0,1,0,0,0,3,3,55,10559.935714285713
1,1,0,1,0,0,1,0,3,4,53,10892.02142857143
1,1,1,0,0,0,0,1,3,2,53,10159.392500000002
1,1,0,1,0,0,1,0,5,3,54,11273.360714285716
1,1,1,0,1,0,0,0,5,4,53,9878.282142857139
1,1,1,0,0,0,0,1,3,3,54,10356.971428571427
1,1,1,0,0,0,0,1,0,2,54,10234.85357142857
1,1,0,1,1,0,0,0,2,0,53,18934.0
1,1,0,1,1,0,0,0,6,2,50,9625.029642857142
1,1,1,0,0,0,1,0,0,6,50,6620.012857142859
1,1,0,1,0,0,1,0,1,6,50,7290.916785714287
1,1,1,0,1,0,0,0,3,1,53,12569.41785714286
1,1,0,1,0,0,1,0,0,3,55,11639.05357142857
1,1,1,0,0,0,0,1,6,5,54,7846.395714285715
1,1,0,1,0,1,0,0,4,1,54,11381.582142857142
1,1,1,0,1,0,0,0,6,3,50,8955.960000000001
1,1,0,1,0,1,0,0,2,2,52,10457.592857142856
1,1,1,0,0,0,1,0,5,0,52,9756.086785714288
1,1,1,0,0,0,0,1,4,4,53,7559.093928571428
1,1,0,1,0,0,1,0,1,3,54,11259.089285714288
1,1,0,1,1,0,0,0,4,6,54,11234.271428571428
1,1,0,1,1,0,0,0,0,6,51,7612.34607142857
1,1,1,0,1,0,0,0,4,6,50,6767.398928571427
1,1,1,0,0,0,0,1,4,3,55,10593.342857142854
1,1,1,0,0,0,0,1,1,6,52,7355.172142857143
1,1,1,0,0,0,1,0,0,6,53,9884.093928571428
1,1,0,1,0,1,0,0,4,4,53,10927.04642857143
1,1,0,1,0,0,1,0,5,6,52,8178.707857142857
1,1,1,0,1,0,0,0,5,2,53,10163.855357142855
1,1,0,1,1,0,0,0,0,4,53,10923.335714285713
1,1,1,0,0,0,1,0,6,6,51,6859.159999999999
1,1,1,0,0,0,0,1,6,2,52,9900.19142857143
1,1,0,1,1,0,0,0,3,4,53,10804.228571428572
1,1,1,0,0,1,0,0,2,4,55,10671.007142857143
1,1,0,1,0,1,0,0,4,4,50,9735.156428571428
1,1,1,0,1,0,0,0,5,0,52,14485.667857142853
1,1,0,1,0,1,0,0,4,2,51,10013.376785714285
1,1,1,0,0,0,0,1,2,0,54,12841.150000000003
1,1,0,1,0,0,1,0,3,5,52,7994.454642857142
1,1,1,0,1,0,0,0,5,4,52,9793.9225
1,1,1,0,0,1,0,0,2,0,51,11450.800000000003
1,1,0,1,0,0,0,1,1,1,54,14082.242857142857
1,1,1,0,0,0,1,0,0,3,53,10070.107142857143
1,1,0,1,0,0,0,1,3,3,53,10860.82142857143
1,1,0,1,0,1,0,0,5,5,51,7751.439285714286
1,1,0,1,0,0,0,1,3,4,52,7856.186071428571
1,1,1,0,0,1,0,0,2,2,52,9551.050357142856
1,1,1,0,0,1,0,0,1,6,53,10032.352857142858
1,1,0,1,0,0,0,1,4,5,52,7926.870714285712
1,1,1,0,0,0,0,1,0,4,53,10060.5725
1,1,1,0,1,0,0,0,3,3,50,8853.572499999998
1,1,0,1,1,0,0,0,5,4,53,10781.817857142856
1,1,0,1,1,0,0,0,0,5,53,10834.125000000002
1,1,0,1,0,1,0,0,6,5,53,10848.899999999998
1,1,1,0,0,1,0,0,1,3,55,10599.524999999998
1,1,1,0,0,0,0,1,1,2,51,9224.054285714288
1,1,1,0,0,0,0,1,5,3,55,10553.014285714287
1,1,0,1,1,0,0,0,2,5,51,10043.634642857143
1,1,0,1,0,0,0,1,0,1,50,19264.049999999996
1,1,0,1,0,1,0,0,4,6,55,8738.042857142858
1,1,1,0,0,0,0,1,6,3,55,7923.71
1,1,1,0,0,0,0,1,2,5,52,7197.506071428572
1,1,1,0,0,0,1,0,3,6,50,8775.375000000002
1,1,1,0,1,0,0,0,5,6,53,9862.310714285715
1,1,1,0,1,0,0,0,4,5,51,6826.821428571429
1,1,0,1,0,0,1,0,4,4,50,9656.111071428573
1,1,0,1,0,0,0,1,1,4,52,10517.064285714285
1,1,0,1,0,0,0,1,6,2,54,11328.235714285713
1,1,1,0,0,0,1,0,5,4,50,8859.462857142857
1,1,1,0,0,1,0,0,1,2,54,10301.110714285716
1,1,0,1,1,0,0,0,2,0,51,17514.37142857143
1,1,0,1,1,0,0,0,0,6,52,10481.189285714283
1,1,1,0,0,1,0,0,6,4,52,9612.191785714285
1,1,1,0,0,0,1,0,6,6,52,9602.042142857143
1,1,0,1,0,1,0,0,1,3,51,10031.131071428574
1,1,1,0,0,0,0,1,6,3,50,6571.3274999999985
1,1,1,0,1,0,0,0,1,2,52,9583.359642857145
1,1,1,0,0,0,1,0,5,6,50,8793.626428571428
1,1,0,1,0,0,0,1,4,3,55,11601.850000000004
1,1,1,0,0,0,0,1,4,0,51,11456.985714285713
1,1,1,0,0,1,0,0,4,6,50,6754.821785714286
1,1,1,0,1,0,0,0,0,3,50,8826.060714285713
1,1,1,0,0,1,0,0,3,3,52,9665.455714285714
1,1,1,0,0,0,0,1,0,1,55,21243.01428571428
1,1,1,0,0,1,0,0,3,6,55,10859.528571428571
1,1,1,0,1,0,0,0,6,0,55,15826.046428571424
1,1,1,0,1,0,0,0,3,0,54,15478.121428571425
1,1,0,1,1,0,0,0,4,2,53,10791.771428571428
1,1,0,1,0,1,0,0,2,2,54,11407.967857142854
1,1,1,0,0,0,1,0,1,4,54,10274.035714285714
1,1,1,0,0,1,0,0,2,1,53,9883.741785714285
1,1,0,1,0,0,0,1,2,0,54,14090.989285714284
1,1,1,0,1,0,0,0,5,2,51,9337.723214285714
1,1,0,1,0,0,0,1,5,2,53,10853.178571428574
1,1,1,0,0,1,0,0,2,0,54,15361.442857142856
1,1,0,1,0,0,0,1,0,6,51,7641.635357142857
1,1,0,1,0,0,0,1,0,3,52,10469.65
1,1,1,0,1,0,0,0,0,6,54,10255.267857142855
1,1,0,1,0,0,0,1,5,4,52,7938.182142857144
1,1,1,0,0,1,0,0,3,0,54,12965.242857142857
1,1,1,0,0,0,0,1,1,3,51,9213.715000000002
1,1,0,1,1,0,0,0,3,3,50,9744.465714285714
1,1,0,1,0,1,0,0,0,3,54,11435.917857142858
1,1,1,0,0,0,1,0,2,2,50,6601.925714285714
1,1,0,1,0,1,0,0,6,4,54,8416.760357142859
1,1,1,0,0,0,0,1,5,6,50,6700.596071428569
1,1,1,0,1,0,0,0,1,5,50,6624.606428571429
1,1,0,1,0,0,1,0,6,6,53,10849.957142857138
1,1,0,1,0,1,0,0,0,2,54,11189.703571428574
1,1,1,0,1,0,0,0,2,5,52,9782.402857142859
1,1,1,0,0,0,1,0,5,5,54,10254.846428571429
1,1,1,0,0,0,1,0,3,1,54,12747.035714285712
1,1,1,0,0,0,1,0,0,6,54,10247.489285714288
1,1,1,0,1,0,0,0,5,3,54,10394.617857142859
1,1,0,1,0,0,1,0,1,2,55,14491.078571428574
1,1,0,1,0,0,1,0,0,1,50,14466.653571428571
1,1,0,1,0,0,0,1,2,4,52,10567.210714285715
1,1,1,0,0,0,0,1,0,1,51,18248.785714285714
1,1,1,0,0,0,1,0,2,0,53,9857.774642857144
1,1,1,0,0,0,1,0,5,2,51,6942.591071428572
1,1,1,0,0,1,0,0,2,0,55,13386.29642857143
1,1,1,0,0,0,0,1,0,2,55,10543.764285714284
1,1,1,0,1,0,0,0,1,6,55,10614.02142857143
1,1,1,0,0,1,0,0,6,1,54,10344.975000000002
1,1,0,1,0,0,0,1,6,4,51,7529.296785714285
1,1,1,0,1,0,0,0,1,4,50,8753.069642857143
1,1,0,1,0,0,0,1,1,0,52,20865.100000000002
1,1,0,1,0,1,0,0,6,0,54,14099.292857142858
1,1,0,1,0,0,1,0,3,4,54,11306.503571428573
1,1,0,1,1,0,0,0,3,2,51,10048.102499999999
1,1,0,1,0,0,0,1,6,1,51,10225.389642857144
1,1,0,1,0,0,1,0,2,5,50,7319.682500000001
1,1,1,0,0,0,0,1,0,5,53,10493.676785714284
1,1,1,0,0,0,1,0,0,5,54,10224.142857142857
1,1,1,0,1,0,0,0,0,5,53,10102.731785714288
1,1,0,1,0,1,0,0,2,6,50,7264.287142857143
1,1,1,0,1,0,0,0,0,4,53,9973.011428571428
1,1,1,0,0,1,0,0,6,5,52,7245.562857142858
1,1,0,1,1,0,0,0,1,0,51,34956.30714285715
1,1,1,0,0,0,1,0,6,2,52,7494.632857142858
1,1,0,1,1,0,0,0,0,3,51,10029.83642857143
1,1,0,1,0,0,0,1,5,3,50,7358.793571428571
1,1,0,1,0,0,0,1,3,0,52,13037.542857142855
1,1,0,1,0,0,0,1,1,6,55,8716.209285714285
1,1,0,1,0,1,0,0,6,2,54,11469.574999999999
1,1,0,1,0,0,0,1,4,0,55,14563.057142857144
1,1,1,0,1,0,0,0,5,2,54,10688.996428571427
1,1,0,1,0,1,0,0,1,0,52,20813.217857142856
1,1,1,0,1,0,0,0,5,0,53,15026.407142857146
1,1,1,0,0,1,0,0,4,4,54,10381.475000000002
1,1,1,0,0,0,1,0,1,2,52,7387.25607142857
1,1,0,1,0,0,1,0,2,6,55,11914.410714285712
1,1,0,1,0,1,0,0,5,5,54,11186.685714285713
1,1,1,0,0,0,0,1,0,2,53,9996.221071428572
1,1,1,0,0,0,1,0,6,0,55,13175.69642857143
1,1,1,0,0,1,0,0,1,0,51,18502.707142857143
1,1,0,1,0,1,0,0,2,4,50,9714.955714285712
1,1,1,0,1,0,0,0,0,4,55,10630.628571428571
1,1,0,1,0,1,0,0,4,5,53,10923.185714285715
1,1,0,1,1,0,0,0,5,3,52,10471.867857142859
1,1,1,0,0,1,0,0,2,1,55,13420.353571428572
1,1,1,0,1,0,0,0,3,0,53,15012.70357142857
1,1,0,1,0,0,0,1,1,2,55,11619.403571428573
1,1,0,1,0,0,1,0,5,1,50,7312.512499999999
1,1,0,1,0,1,0,0,3,4,55,11676.05
1,1,1,0,0,0,1,0,5,0,54,12737.975
1,1,1,0,0,1,0,0,5,1,51,9279.212142857143
1,1,0,1,1,0,0,0,4,1,52,13059.957142857145
1,1,0,1,1,0,0,0,2,6,55,11619.649999999998
1,1,1,0,0,0,1,0,2,0,54,10298.028571428571
1,1,1,0,0,1,0,0,3,6,51,6884.107857142859
1,1,1,0,0,1,0,0,5,0,52,11938.55357142857
1,1,0,1,1,0,0,0,3,6,54,11210.389285714287
1,1,1,0,0,1,0,0,2,0,50,11019.182142857142
1,1,1,0,0,0,1,0,1,5,52,7261.473571428571
1,1,0,1,0,0,0,1,6,5,52,7857.61
1,1,1,0,0,0,1,0,6,1,51,7066.042142857143
1,1,1,0,0,0,0,1,1,1,55,13378.035714285716
1,1,1,0,0,0,0,1,4,1,54,10575.957142857145
1,1,1,0,1,0,0,0,5,6,51,6866.598928571427
1,1,1,0,0,0,0,1,1,5,50,6733.779285714286
1,1,0,1,1,0,0,0,1,3,54,11281.457142857142
1,1,1,0,1,0,0,0,5,3,50,8780.410357142855
1,1,0,1,0,1,0,0,6,3,53,10948.825000000003
1,1,1,0,0,1,0,0,3,0,55,15946.321428571424
1,1,1,0,0,0,1,0,2,3,54,10210.628571428571
1,1,0,1,0,1,0,0,5,3,51,10126.467857142856
1,1,0,1,0,0,1,0,6,3,53,10783.621428571429
1,1,0,1,0,1,0,0,1,2,52,10479.282142857146
1,1,0,1,1,0,0,0,4,6,55,11633.800000000001
1,1,0,1,0,1,0,0,3,6,52,7954.2135714285705
1,1,0,1,0,0,1,0,5,5,51,7550.776428571428
1,1,1,0,0,0,1,0,1,5,51,9169.127142857144
1,1,0,1,0,0,0,1,4,3,50,9769.202142857142
1,1,1,0,0,0,1,0,3,0,53,12294.385714285714
1,1,0,1,0,0,0,1,1,5,51,10207.062857142853
1,1,1,0,1,0,0,0,6,6,51,6824.088928571427
1,1,0,1,0,0,1,0,3,1,50,12002.64642857143
1,1,0,1,0,0,1,0,2,4,51,10132.605
1,1,0,1,0,0,0,1,6,4,50,7338.8614285714275
1,1,1,0,0,0,1,0,3,0,55,13223.842857142856
1,1,1,0,1,0,0,0,3,5,51,9089.931071428571
1,1,1,0,0,1,0,0,4,5,53,9876.471428571427
1,1,0,1,0,0,0,1,5,2,52,10549.628571428571
1,1,0,1,0,0,0,1,6,6,55,8776.637857142856
1,1,0,1,0,0,1,0,3,4,55,11750.10357142857
1,1,0,1,1,0,0,0,1,3,50,9632.18857142857
1,1,0,1,0,0,0,1,4,2,53,10969.79642857143
1,1,1,0,0,0,0,1,1,3,55,10574.414285714287
1,1,1,0,1,0,0,0,3,5,54,10229.039285714287
1,1,1,0,0,0,1,0,3,2,51,6967.7875
1,1,1,0,0,0,0,1,2,2,55,10675.035714285716
1,1,1,0,1,0,0,0,6,0,50,13219.492857142857
1,1,0,1,0,0,0,1,3,2,50,9823.213214285715
1,1,1,0,0,1,0,0,1,4,53,10175.983571428571
1,1,1,0,0,0,1,0,3,3,50,8788.804285714286
1,1,1,0,1,0,0,0,6,2,50,8862.772499999997
1,1,0,1,0,1,0,0,0,1,54,22564.949999999993
1,1,1,0,0,1,0,0,4,0,52,11971.439285714281
1,1,0,1,0,0,1,0,1,0,52,18385.242857142857
1,1,1,0,0,1,0,0,1,2,51,9204.694642857141
1,1,0,1,1,0,0,0,0,2,51,12525.30357142857
1,1,1,0,1,0,0,0,4,0,52,14619.528571428573
1,1,1,0,1,0,0,0,2,6,51,6970.53
1,1,0,1,1,0,0,0,6,0,55,17397.250000000004
1,1,1,0,0,0,1,0,1,1,54,10240.364285714284
1,1,1,0,0,1,0,0,0,5,51,9333.746428571432
1,1,0,1,0,0,0,1,2,6,53,8091.005357142856
1,1,1,0,0,0,0,1,3,5,51,6951.071428571428
1,1,1,0,1,0,0,0,1,2,51,9088.497857142858
1,1,1,0,0,0,1,0,6,3,50,8779.2925
1,1,1,0,0,1,0,0,6,3,52,9657.606071428572
1,1,1,0,0,0,0,1,6,5,51,7022.217499999999
1,1,0,1,0,1,0,0,2,4,51,9987.572142857141
1,1,1,0,0,0,0,1,1,4,50,8781.765714285712
1,1,1,0,0,0,0,1,3,6,53,7584.852500000001
1,1,0,1,0,0,1,0,3,3,53,10950.178571428569
1,1,1,0,0,0,0,1,4,5,55,7906.533928571428
1,1,0,1,1,0,0,0,5,3,54,11267.714285714284
1,1,0,1,0,0,0,1,5,1,54,11174.839285714286
1,1,1,0,0,1,0,0,6,0,52,11923.139285714284
1,1,0,1,0,0,0,1,3,1,50,9630.586785714284
1,1,0,1,0,0,1,0,5,3,52,10634.403571428573
1,1,1,0,0,0,0,1,4,6,52,7260.375714285714
1,1,1,0,0,0,0,1,5,2,52,9847.275357142857
1,1,0,1,0,0,0,1,6,3,55,11768.953571428572
1,1,0,1,0,0,0,1,1,0,55,20324.714285714286
1,1,0,1,0,1,0,0,3,3,55,11650.278571428573
1,1,1,0,0,0,1,0,4,6,54,10314.310714285713
1,1,0,1,0,1,0,0,4,0,54,14054.996428571429
1,1,0,1,0,0,1,0,5,3,53,10852.332142857142
1,1,1,0,0,0,0,1,4,2,53,10161.555714285714
1,1,0,1,0,0,0,1,6,4,55,8734.177857142859
1,1,0,1,1,0,0,0,5,0,50,14545.1
1,1,0,1,1,0,0,0,2,5,53,10812.178571428569
1,1,0,1,0,0,1,0,5,1,53,10849.55
1,1,1,0,1,0,0,0,3,0,52,14641.432142857146
1,1,1,0,1,0,0,0,4,6,55,10568.042857142858
1,1,1,0,0,0,1,0,1,5,54,10231.42857142857
1,1,1,0,0,1,0,0,4,3,54,10407.357142857143
1,1,1,0,0,0,1,0,1,3,55,10559.603571428572
1,1,1,0,1,0,0,0,6,1,52,9929.111785714285
1,1,1,0,0,1,0,0,3,6,50,6737.735714285715
1,1,0,1,1,0,0,0,1,1,54,14082.55
1,1,1,0,1,0,0,0,6,2,51,9143.931428571426
1,1,1,0,0,0,1,0,3,5,55,10564.507142857141
1,1,1,0,1,0,0,0,0,2,54,12867.596428571427
1,1,1,0,0,0,1,0,2,5,54,10363.614285714286
1,1,1,0,0,1,0,0,1,0,52,19096.078571428574
1,1,1,0,0,0,0,1,0,3,52,9985.245714285715
1,1,0,1,0,1,0,0,4,6,54,11262.39642857143
1,1,1,0,0,0,0,1,6,0,55,10629.914285714287
1,1,0,1,0,1,0,0,4,0,50,12230.864285714293
1,1,1,0,0,1,0,0,0,6,54,10237.217857142858
1,1,0,1,1,0,0,0,6,0,53,16196.967857142856
1,1,1,0,0,1,0,0,1,3,52,9607.337857142857
1,1,1,0,0,0,1,0,6,1,53,9961.992142857143
1,1,0,1,0,0,1,0,6,5,52,10474.089285714286
1,1,0,1,0,0,1,0,4,4,52,8057.833571428572
1,1,1,0,1,0,0,0,6,6,54,10335.067857142858
1,1,0,1,0,0,1,0,3,1,54,14144.575000000003
1,1,1,0,1,0,0,0,3,2,52,9696.877142857144
1,1,0,1,0,1,0,0,2,6,54,11226.371428571429
1,1,1,0,1,0,0,0,3,6,55,10601.253571428573
1,1,1,0,0,1,0,0,4,1,53,9868.644285714285
1,1,0,1,0,0,0,1,6,4,52,7822.188571428573
1,1,0,1,0,0,1,0,5,2,50,9619.163214285716
1,1,0,1,0,0,1,0,5,0,52,10655.939285714285
1,1,1,0,0,0,1,0,4,2,55,10558.89642857143
1,1,1,0,1,0,0,0,5,3,52,9751.861071428571
1,1,0,1,0,0,0,1,4,4,55,8813.534285714288
1,1,1,0,0,0,1,0,0,1,54,15275.167857142855
1,1,0,1,0,1,0,0,0,1,52,18411.057142857142
1,1,0,1,0,0,1,0,3,0,51,12558.482142857141
1,1,0,1,1,0,0,0,3,0,51,14950.871428571429
1,1,1,0,0,0,1,0,4,0,55,13239.699999999997
1,1,1,0,0,0,1,0,1,0,53,17256.914285714287
1,1,0,1,1,0,0,0,0,4,55,11782.710714285715
1,1,0,1,0,1,0,0,1,6,52,7862.335714285713
1,1,0,1,0,0,0,1,0,3,55,11605.528571428573
1,1,0,1,0,0,1,0,6,6,51,7712.335714285714
1,1,0,1,0,0,1,0,4,3,52,10441.874999999998
1,1,1,0,1,0,0,0,3,3,52,9730.182142857144
1,1,0,1,0,0,1,0,1,3,55,11662.078571428574
1,1,1,0,0,0,0,1,2,5,50,6585.599999999999
1,1,0,1,0,1,0,0,4,1,52,10420.685714285715
1,1,1,0,1,0,0,0,6,4,55,10636.546428571428
1,1,0,1,0,1,0,0,1,0,54,22786.117857142857
1,1,0,1,0,0,0,1,0,2,54,11201.775
1,1,0,1,0,0,1,0,1,1,54,14009.178571428574
1,1,1,0,1,0,0,0,4,4,50,8830.31357142857
1,1,1,0,0,0,1,0,1,3,53,9885.998214285713
1,1,0,1,0,1,0,0,1,2,54,11194.42857142857
1,1,1,0,0,1,0,0,6,5,55,10762.832142857142
1,1,1,0,0,0,1,0,0,4,53,10124.993571428573
1,1,0,1,0,0,0,1,0,5,52,10545.339285714288
1,1,0,1,0,0,0,1,6,0,50,12086.485714285716
1,1,1,0,0,0,1,0,6,2,54,10381.632142857141
1,1,0,1,0,0,0,1,6,6,51,7627.575000000002
1,1,1,0,0,0,0,1,3,0,53,12544.425
1,1,1,0,0,0,1,0,0,1,50,11031.321428571431
1,1,0,1,0,1,0,0,0,2,52,10762.650000000003
1,1,0,1,0,0,1,0,5,5,50,9633.612500000001
1,1,1,0,0,0,0,1,2,1,55,10697.935714285715
1,1,0,1,0,0,1,0,2,3,54,11278.517857142857
1,1,1,0,0,1,0,0,1,6,50,6684.662142857143
1,1,1,0,0,0,1,0,0,5,50,6566.460357142858
1,1,1,0,1,0,0,0,2,0,54,17965.475
1,1,1,0,0,0,0,1,2,0,53,12514.867857142857
1,1,0,1,0,0,0,1,0,4,51,9999.807499999999
1,1,1,0,0,0,0,1,4,0,52,12229.760714285714
1,1,0,1,0,0,0,1,2,2,50,9605.033214285713
1,1,0,1,0,1,0,0,5,0,53,16298.760714285716
1,1,0,1,0,0,0,1,1,4,50,9697.207499999999
1,1,1,0,0,0,0,1,4,0,53,12408.339285714286
1,1,0,1,1,0,0,0,0,1,51,25017.967857142856
1,1,1,0,0,1,0,0,5,5,50,6647.942499999999
1,1,1,0,0,0,1,0,4,0,52,9665.245714285715
1,1,0,1,0,0,0,1,2,4,54,11176.064285714285
1,1,1,0,0,0,1,0,4,4,55,10636.357142857143
1,1,0,1,0,0,0,1,1,5,53,8215.606428571427
1,1,1,0,0,0,0,1,5,6,52,7313.484642857142
1,1,0,1,0,0,0,1,1,6,50,7282.850714285717
1,1,1,0,0,1,0,0,0,6,50,6653.318928571428
1,1,0,1,1,0,0,0,5,5,55,11613.735714285718
1,1,1,0,0,0,0,1,4,4,51,6875.60357142857
1,1,1,0,1,0,0,0,2,4,52,9913.152500000002
1,1,1,0,0,0,1,0,4,4,51,6890.222857142859
1,1,0,1,0,0,1,0,6,6,54,11429.35
1,1,1,0,1,0,0,0,1,3,52,9613.412499999997
1,1,0,1,0,0,0,1,0,6,54,8528.932499999999
1,1,0,1,0,0,1,0,4,0,54,14088.753571428571
1,1,0,1,1,0,0,0,4,4,51,10059.369285714287
1,1,1,0,0,1,0,0,1,1,52,11921.903571428571
1,1,1,0,0,1,0,0,2,5,54,10488.20357142857
1,1,1,0,0,0,0,1,5,5,52,7290.2464285714295
1,1,1,0,1,0,0,0,4,5,54,10475.32857142857
1,1,0,1,1,0,0,0,4,0,52,15937.085714285715
1,1,1,0,1,0,0,0,2,5,54,10365.957142857145
1,1,1,0,0,0,0,1,4,6,51,6872.6121428571405
1,1,1,0,0,1,0,0,2,5,51,9222.131071428574
1,1,0,1,0,1,0,0,4,5,50,9713.666785714286
1,1,1,0,0,0,0,1,1,6,50,6615.538214285713
1,1,1,0,0,1,0,0,2,5,53,10079.886071428571
1,1,0,1,1,0,0,0,6,6,53,10846.553571428574
1,1,0,1,1,0,0,0,2,2,51,10092.390357142858
1,1,0,1,1,0,0,0,0,6,55,11588.274999999998
1,1,1,0,0,0,1,0,6,2,55,10548.667857142855
1,1,0,1,1,0,0,0,1,4,51,10115.559285714286
1,1,1,0,0,0,0,1,6,6,53,7666.909642857143
1,1,0,1,1,0,0,0,1,4,52,10400.260714285714
1,1,1,0,0,0,0,1,4,5,53,7757.186071428571
1,1,0,1,0,0,0,1,3,3,50,9645.025357142858
1,1,0,1,1,0,0,0,4,2,52,10605.842857142856
1,1,0,1,0,0,1,0,5,5,52,7948.238214285715
1,1,1,0,0,0,0,1,3,3,51,9132.838214285714
1,1,0,1,0,1,0,0,4,0,51,12549.307142857142
1,1,0,1,0,0,1,0,5,4,52,7914.711428571428
1,1,1,0,1,0,0,0,1,3,54,10384.128571428573
1,1,0,1,0,1,0,0,1,2,50,9605.20214285714
1,1,0,1,1,0,0,0,0,1,54,31002.125000000007
1,1,1,0,0,0,0,1,5,2,53,10101.767142857143
1,1,0,1,0,0,1,0,2,5,54,11266.48571428571
1,1,1,0,0,0,1,0,2,4,54,10295.967857142858
1,1,0,1,0,0,0,1,5,4,55,8702.51857142857
1,1,1,0,0,0,0,1,3,2,50,8790.669285714286
1,1,1,0,0,1,0,0,2,2,55,10758.960714285715
1,1,1,0,0,1,0,0,0,1,55,21238.67857142857
1,1,1,0,1,0,0,0,1,3,55,10560.27142857143
1,1,0,1,0,0,0,1,5,5,54,8447.814285714283
1,1,0,1,0,0,0,1,4,1,52,10455.382142857143
1,1,0,1,0,0,1,0,3,6,55,11625.242857142857
1,1,1,0,1,0,0,0,5,2,50,8790.708214285716
1,1,1,0,0,0,0,1,2,4,55,10583.367857142855
1,1,1,0,0,0,1,0,0,5,52,7260.074999999999
1,1,1,0,0,0,0,1,0,2,51,9083.299642857144
1,1,0,1,0,0,1,0,1,0,54,19679.76785714286
1,1,1,0,0,1,0,0,5,6,52,7156.731785714285
1,1,1,0,0,1,0,0,6,2,54,12951.624999999998
1,1,0,1,1,0,0,0,3,4,51,10066.106428571427
1,1,1,0,0,1,0,0,1,4,51,9279.1775
1,1,0,1,0,1,0,0,2,0,51,12513.114285714284
1,1,0,1,0,0,0,1,6,2,50,9687.888214285713
1,1,1,0,0,0,1,0,2,2,51,6952.683214285714
1,1,0,1,1,0,0,0,5,1,51,9982.09107142857
1,1,1,0,1,0,0,0,5,5,55,10573.599999999997
1,1,1,0,0,1,0,0,2,6,54,7828.2242857142855
1,1,0,1,0,1,0,0,6,5,55,11623.303571428576
1,1,0,1,0,0,0,1,3,1,54,11188.79642857143
1,1,0,1,1,0,0,0,4,4,54,11265.710714285715
1,1,1,0,0,0,1,0,5,4,55,10635.214285714286
1,1,1,0,0,0,0,1,3,0,55,13207.382142857143
1,1,0,1,0,0,0,1,0,3,50,10002.289285714287
1,1,0,1,0,0,0,1,0,2,55,11644.096428571429
1,1,0,1,0,0,0,1,1,3,53,10787.564285714283
1,1,0,1,0,0,1,0,1,1,51,10087.251428571426
1,1,1,0,0,0,1,0,6,3,51,6920.291785714285
1,1,0,1,0,0,1,0,6,3,54,11315.592857142856
1,1,0,1,0,1,0,0,5,2,55,11720.239285714286
1,1,1,0,0,0,1,0,6,6,53,9919.940714285713
1,1,1,0,0,1,0,0,3,4,50,8837.871071428572
1,1,1,0,0,0,1,0,1,6,53,9905.272857142858
1,1,1,0,1,0,0,0,6,0,51,13826.139285714287
1,1,0,1,1,0,0,0,3,1,55,14549.95714285714
1,1,1,0,0,1,0,0,0,4,55,10750.932142857142
1,1,0,1,0,1,0,0,1,6,55,11833.832142857145
1,1,1,0,1,0,0,0,1,5,52,9877.670357142857
1,1,1,0,0,1,0,0,5,0,50,11081.421428571428
1,1,1,0,1,0,0,0,1,4,52,9671.404285714281
1,1,0,1,1,0,0,0,2,3,52,10446.757142857145
1,1,0,1,0,1,0,0,1,1,50,12154.210714285713
1,1,0,1,0,1,0,0,4,3,52,10422.417857142855
1,1,0,1,1,0,0,0,6,3,53,10938.864285714286
1,1,1,0,1,0,0,0,1,0,51,38615.55357142857
1,1,0,1,0,1,0,0,6,6,51,7497.740714285715
1,1,1,0,0,0,0,1,5,0,54,13127.942857142858
1,1,0,1,0,1,0,0,0,1,50,19226.307142857146
1,1,1,0,0,0,1,0,3,1,52,12004.707142857145
1,1,0,1,0,0,0,1,3,0,51,12474.567857142858
1,1,1,0,1,0,0,0,2,5,50,6611.318571428571
1,1,1,0,0,0,1,0,4,5,51,9288.092142857144
1,1,0,1,0,1,0,0,3,3,54,11232.642857142857
1,1,0,1,0,0,1,0,4,0,51,10082.82857142857
1,1,0,1,0,0,0,1,5,0,53,13644.071428571433
1,1,0,1,0,1,0,0,4,4,51,10067.053928571431
1,1,1,0,1,0,0,0,3,4,51,9296.864642857141
1,1,0,1,0,0,1,0,4,0,53,13566.067857142858
1,1,0,1,0,0,1,0,4,6,53,10845.35
1,1,0,1,0,0,0,1,1,4,53,10854.528571428571
1,1,0,1,0,0,1,0,4,3,50,9620.666071428572
1,1,1,0,0,1,0,0,0,3,53,10002.595357142858
1,1,1,0,0,0,1,0,4,6,50,8768.433928571429
1,1,1,0,0,1,0,0,1,3,51,9241.882857142857
1,1,0,1,0,0,0,1,5,5,55,8691.777500000002
1,1,1,0,0,0,1,0,3,6,55,10629.842857142856
1,1,0,1,0,1,0,0,6,4,50,7304.395000000001
1,1,1,0,1,0,0,0,6,1,54,12834.249999999998
1,1,0,1,1,0,0,0,3,6,51,7595.3725
1,1,0,1,0,0,1,0,5,4,51,7622.65857142857
1,1,0,1,0,0,0,1,5,5,50,7252.8274999999985
1,1,1,0,0,1,0,0,3,1,51,9353.554642857143
1,1,1,0,0,1,0,0,3,5,55,10767.221428571427
1,1,0,1,0,0,0,1,2,2,55,11595.460714285713
1,1,1,0,0,0,1,0,2,4,52,9691.64892857143
1,1,0,1,0,0,1,0,0,1,55,17541.960714285717
1,1,0,1,0,1,0,0,6,4,52,10437.739285714286
1,1,0,1,0,0,1,0,1,5,55,11610.54642857143
1,1,0,1,0,0,0,1,2,0,55,14612.610714285716
1,1,1,0,0,0,1,0,3,5,54,10190.85357142857
1,1,0,1,1,0,0,0,1,0,53,37938.39285714286
1,1,1,0,0,0,1,0,6,3,54,10280.82142857143
1,1,0,1,0,1,0,0,5,6,54,8409.915357142856
1,1,1,0,0,0,1,0,0,1,52,12065.52142857143
1,1,1,0,0,1,0,0,5,5,55,8002.839285714285
1,1,0,1,0,1,0,0,2,3,55,11653.157142857144
1,1,0,1,0,0,1,0,1,2,51,7695.6567857142845
1,1,0,1,0,1,0,0,1,5,50,7200.895714285716
1,1,1,0,0,0,0,1,4,4,54,7823.261071428574
1,1,0,1,0,1,0,0,1,1,53,13535.982142857145
1,1,0,1,0,0,0,1,5,6,50,7504.136071428572
1,1,0,1,0,1,0,0,4,5,52,10418.55714285714
1,1,0,1,0,0,0,1,2,6,50,7340.921071428572
1,1,1,0,1,0,0,0,1,3,51,9157.031071428573
1,1,1,0,0,0,1,0,3,0,50,8833.548214285714
1,1,0,1,0,1,0,0,2,1,55,14652.475000000004
1,1,1,0,0,0,1,0,2,5,50,6713.266428571428
1,1,1,0,0,0,0,1,0,5,52,10030.335714285717
1,1,1,0,0,1,0,0,5,2,53,9897.555357142857
1,1,0,1,0,0,1,0,4,3,54,11332.996428571427
1,1,1,0,0,1,0,0,6,4,55,10744.389285714282
1,1,0,1,1,0,0,0,4,5,52,7923.886071428574
1,1,0,1,0,0,1,0,6,5,55,11688.210714285718
1,1,1,0,0,0,0,1,1,0,54,13143.52142857143
1,1,0,1,0,0,1,0,2,2,53,10825.396428571428
1,1,0,1,1,0,0,0,3,5,50,7195.990714285716
1,1,1,0,0,0,1,0,5,4,53,9890.574642857142
1,1,1,0,0,0,1,0,3,4,50,8753.689999999999
1,1,1,0,0,1,0,0,3,4,52,9629.681785714287
1,1,1,0,0,1,0,0,6,4,50,6686.810357142857
1,1,0,1,0,0,1,0,3,0,54,14059.48571428571
1,1,0,1,1,0,0,0,5,1,54,13980.553571428576
1,1,1,0,0,1,0,0,6,0,53,12370.710714285711
1,1,0,1,0,0,0,1,0,3,53,10794.832142857145
1,1,0,1,1,0,0,0,3,0,53,16353.842857142861
1,1,1,0,0,0,0,1,0,1,50,17543.6
1,1,1,0,0,1,0,0,5,1,53,9862.990357142855
1,1,0,1,0,0,0,1,0,2,51,9994.53357142857
1,1,1,0,0,1,0,0,6,6,55,10687.403571428573
1,1,0,1,1,0,0,0,6,3,51,10057.660357142857
1,1,1,0,0,1,0,0,5,4,51,7055.1746428571405
1,1,0,1,0,1,0,0,4,2,55,11664.921428571426
1,1,1,0,0,1,0,0,5,2,54,10292.05357142857
1,1,0,1,0,0,1,0,3,1,55,14688.650000000003
1,1,0,1,1,0,0,0,0,5,50,9626.088928571427
1,1,1,0,0,1,0,0,2,4,51,9330.253928571428
1,1,1,0,0,0,1,0,1,5,53,9893.299285714284
1,1,1,0,0,0,0,1,5,4,54,7739.757857142858
1,1,0,1,0,0,1,0,3,3,51,7650.5599999999995
1,1,1,0,0,0,0,1,0,1,54,20505.646428571432
1,1,0,1,0,0,0,1,6,6,52,7827.6332142857145
1,1,0,1,0,0,0,1,5,4,51,7527.944642857142
1,1,1,0,1,0,0,0,6,4,52,9748.862500000001
1,1,0,1,0,0,1,0,3,2,55,11677.128571428575
1,1,0,1,1,0,0,0,4,5,54,11255.139285714287
1,1,0,1,0,1,0,0,6,0,52,13145.117857142857
1,1,1,0,0,1,0,0,6,5,50,6731.995357142856
1,1,0,1,0,0,0,1,5,1,50,9673.287500000002
1,1,0,1,0,0,0,1,5,2,54,11207.807142857146
1,1,0,1,0,0,1,0,6,5,53,10799.271428571428
1,1,0,1,0,0,0,1,1,4,54,11339.317857142858
1,1,1,0,0,0,0,1,0,4,54,10432.003571428571
1,1,0,1,0,0,0,1,1,5,55,11643.771428571426
1,1,0,1,1,0,0,0,6,4,55,11676.471428571429
1,1,0,1,1,0,0,0,1,5,54,11208.010714285714
1,1,0,1,0,1,0,0,5,4,54,11341.739285714288
1,1,1,0,0,0,0,1,5,5,50,6634.743571428572
1,1,0,1,1,0,0,0,6,3,54,11336.596428571429
1,1,1,0,0,0,1,0,4,5,50,8829.408928571427
1,1,1,0,0,0,1,0,5,2,52,9648.672499999999
1,1,0,1,0,1,0,0,1,3,53,10832.300000000001
1,1,0,1,1,0,0,0,5,6,55,11631.435714285713
1,1,0,1,1,0,0,0,2,4,53,10891.389285714284
1,1,0,1,0,1,0,0,5,1,54,11259.95714285714
1,1,1,0,0,0,0,1,4,0,50,10941.003571428571
1,1,0,1,0,0,1,0,1,5,51,9984.16285714286
1,1,1,0,1,0,0,0,2,1,55,13184.589285714288
1,1,0,1,1,0,0,0,2,0,52,18277.610714285714
1,1,1,0,1,0,0,0,6,3,51,9216.68964285714
1,1,0,1,0,0,1,0,0,4,54,11374.32142857143
1,1,0,1,0,0,1,0,3,3,50,9660.786071428573
1,1,0,1,0,1,0,0,4,2,50,9716.084642857144
1,1,0,1,0,0,0,1,2,4,55,11656.128571428573
1,1,0,1,1,0,0,0,3,2,54,11251.035714285712
1,1,0,1,0,0,0,1,5,1,52,10462.396428571426
1,1,1,0,0,1,0,0,3,1,53,9865.032142857142
1,1,0,1,0,0,1,0,3,2,52,10459.328571428572
1,1,1,0,1,0,0,0,3,0,51,13649.553571428569
1,1,1,0,0,1,0,0,2,0,52,12024.832142857145
1,1,0,1,1,0,0,0,0,3,53,10774.135714285716
1,1,1,0,1,0,0,0,1,0,53,41979.332142857136
1,1,1,0,0,0,1,0,6,6,55,10677.153571428573
1,1,1,0,0,1,0,0,0,5,54,10292.153571428571
1,1,1,0,0,1,0,0,5,2,51,9309.809285714287
1,1,1,0,1,0,0,0,3,5,52,9979.301071428572
1,1,0,1,0,0,1,0,0,2,52,10460.039285714285
1,1,1,0,1,0,0,0,1,2,54,10360.349999999997
1,1,0,1,0,0,1,0,6,4,52,10491.003571428571
1,1,0,1,0,0,1,0,6,4,54,11277.814285714285
1,1,1,0,1,0,0,0,2,2,51,9150.639285714287
1,1,0,1,0,0,1,0,5,3,55,11681.842857142856
1,1,1,0,1,0,0,0,3,0,55,18560.59642857143
1,1,0,1,1,0,0,0,5,3,50,9685.677857142859
1,1,1,0,0,1,0,0,5,5,52,7233.6217857142865
1,1,1,0,0,0,0,1,0,4,52,9705.612142857144
1,1,1,0,1,0,0,0,2,6,53,9989.960000000003
1,1,1,0,0,0,0,1,0,5,54,10272.757142857143
1,1,0,1,1,0,0,0,6,0,52,15662.89642857143
1,1,1,0,0,0,0,1,3,0,51,11419.471428571427
1,1,1,0,0,0,1,0,4,1,50,8878.743571428573
1,1,1,0,0,0,0,1,4,3,53,10233.078214285715
1,1,0,1,0,1,0,0,3,1,52,10408.510714285714
1,1,0,1,1,0,0,0,2,5,55,11659.871428571429
1,1,1,0,1,0,0,0,0,5,50,8945.014285714287
1,1,1,0,0,0,1,0,1,4,53,9920.376428571428
1,1,0,1,0,0,1,0,4,2,54,11246.332142857145
1,1,1,0,1,0,0,0,2,4,55,10562.885714285714
1,1,1,0,0,0,0,1,3,4,50,6788.521428571427
1,1,0,1,0,0,0,1,4,6,50,7232.7010714285725
1,1,1,0,0,0,1,0,4,5,53,9883.653928571428
1,1,1,0,0,0,1,0,3,3,51,9119.677857142857
1,1,1,0,1,0,0,0,5,1,55,13201.857142857141
1,1,1,0,0,0,0,1,3,5,52,7396.723571428573
1,1,1,0,1,0,0,0,4,0,53,14984.982142857145
1,1,0,1,0,0,1,0,0,2,50,9610.018928571428
1,1,0,1,0,0,1,0,2,3,51,8026.751428571431
1,1,1,0,0,0,0,1,6,2,51,9392.683214285715
1,1,1,0,0,0,0,1,6,4,52,7286.683214285714
1,1,0,1,1,0,0,0,3,1,52,13365.039285714285
1,1,1,0,0,1,0,0,4,3,52,9730.456428571428
1,1,0,1,0,0,1,0,1,4,55,11669.857142857145
1,1,0,1,0,1,0,0,5,0,54,14006.14285714286
1,1,0,1,0,0,1,0,1,6,53,10844.953571428572
1,1,0,1,0,1,0,0,5,6,55,11656.392857142857
1,1,0,1,0,0,1,0,3,1,52,13055.714285714284
1,1,0,1,1,0,0,0,5,2,55,11924.73571428571
1,1,0,1,1,0,0,0,1,4,53,10762.732142857141
1,1,1,0,0,1,0,0,4,3,50,9269.527499999998
1,1,0,1,0,0,0,1,0,5,50,9895.699642857144
1,1,1,0,0,0,0,1,2,6,52,7277.774285714285
1,1,1,0,0,0,0,1,2,3,51,9186.555000000002
1,1,1,0,0,0,1,0,5,5,52,9678.388214285715
1,1,1,0,0,1,0,0,0,6,51,9220.68857142857
1,1,0,1,0,1,0,0,5,1,55,11627.660714285714
1,1,1,0,0,0,0,1,1,3,54,10310.978571428572
1,1,1,0,0,0,0,1,2,5,55,7933.427142857144
1,1,0,1,0,1,0,0,5,5,55,11821.678571428569
1,1,1,0,0,0,0,1,1,2,53,10109.311785714284
1,1,0,1,1,0,0,0,6,6,51,7546.053571428572
1,1,0,1,0,0,0,1,6,0,55,14492.796428571426
1,1,0,1,0,1,0,0,2,3,52,10457.121428571429
1,1,0,1,0,1,0,0,0,3,51,10047.542142857143
1,1,0,1,1,0,0,0,6,5,52,7818.513571428573
1,1,0,1,0,1,0,0,6,3,50,9798.097857142859
1,1,0,1,0,1,0,0,3,0,54,16858.010714285712
1,1,0,1,0,0,1,0,4,1,53,13502.428571428569
1,1,1,0,0,0,1,0,5,4,51,6868.045357142858
1,1,1,0,0,0,1,0,6,3,55,10588.328571428572
1,1,1,0,1,0,0,0,5,3,55,10575.667857142855
1,1,1,0,1,0,0,0,3,0,50,13139.535714285712
1,1,1,0,0,0,0,1,6,0,54,12789.7
1,1,1,0,0,0,1,0,1,6,54,10171.871428571427
1,1,1,0,0,1,0,0,1,4,54,10455.171428571428
1,1,0,1,1,0,0,0,3,4,52,10421.182142857144
1,1,0,1,1,0,0,0,0,5,55,11703.982142857143
1,1,0,1,0,0,1,0,3,2,51,7606.953571428569
1,1,1,0,0,0,0,1,1,4,52,9814.533214285717
1,1,1,0,0,0,0,1,6,4,55,7917.301071428571
1,1,1,0,0,0,1,0,2,1,53,12378.610714285713
1,1,1,0,1,0,0,0,0,1,52,31323.335714285717
1,1,0,1,1,0,0,0,4,1,53,13490.128571428571
1,1,0,1,0,0,1,0,4,3,51,7601.191428571428
1,1,1,0,0,0,0,1,2,3,50,9040.309642857144
1,1,0,1,0,0,1,0,5,0,53,13508.69642857143
1,1,1,0,1,0,0,0,0,1,55,34370.3
1,1,1,0,0,1,0,0,5,1,52,9574.142857142857
1,1,0,1,0,0,1,0,0,6,51,7533.093571428571
1,1,0,1,0,0,1,0,3,3,55,11689.360714285716
1,1,0,1,0,1,0,0,3,6,50,7247.714285714287
1,1,0,1,0,0,1,0,5,6,54,11264.317857142856
1,1,1,0,1,0,0,0,4,3,54,10333.671428571428
1,1,0,1,0,0,0,1,5,6,51,7577.328214285714
1,1,1,0,0,0,1,0,5,2,53,9956.103214285713
1,1,0,1,0,0,0,1,3,1,53,10791.52142857143
1,1,1,0,1,0,0,0,4,4,55,10627.567857142858
1,1,0,1,0,1,0,0,4,5,55,11699.189285714287
1,1,0,1,1,0,0,0,4,2,51,10001.627499999999
1,1,1,0,1,0,0,0,0,2,50,8818.461428571425
1,1,0,1,0,1,0,0,1,6,53,10908.946428571426
1,1,1,0,1,0,0,0,4,4,51,9127.830357142857
1,1,0,1,1,0,0,0,5,1,52,10477.560714285713
1,1,0,1,0,0,1,0,4,6,51,7745.358928571428
1,1,0,1,0,0,1,0,0,1,52,15710.02142857143
1,1,1,0,0,0,1,0,1,1,53,9809.985714285713
1,1,0,1,1,0,0,0,0,6,50,7207.1775
1,1,1,0,0,0,1,0,1,5,55,10598.417857142862
1,1,1,0,0,0,0,1,2,5,54,7824.0364285714295
1,1,1,0,0,0,0,1,4,2,55,10552.085714285715
1,1,1,0,0,1,0,0,1,0,54,20607.257142857143
1,1,0,1,0,0,1,0,1,0,53,18975.785714285717
1,1,1,0,0,1,0,0,6,3,54,10367.44642857143
1,1,0,1,1,0,0,0,6,4,54,11225.596428571427
1,1,0,1,0,0,0,1,3,2,53,11033.832142857142
1,1,1,0,0,1,0,0,4,2,50,8815.59142857143
1,1,1,0,1,0,0,0,1,3,53,9896.94214285714
1,1,1,0,1,0,0,0,0,1,51,27386.192857142858
1,1,1,0,0,0,1,0,6,5,54,10257.374999999998
1,1,0,1,1,0,0,0,2,5,52,10469.67142857143
1,1,0,1,0,1,0,0,2,0,55,14499.85
1,1,0,1,0,0,0,1,2,3,50,9829.345357142854
1,1,0,1,0,1,0,0,5,4,52,10489.224999999997
1,1,0,1,0,0,0,1,1,0,54,19757.45
1,1,0,1,0,0,0,1,5,4,53,8168.830357142857
1,1,1,0,0,1,0,0,6,6,51,6869.872500000002
1,1,0,1,1,0,0,0,2,6,50,7227.58107142857
1,1,0,1,1,0,0,0,4,5,53,10847.307142857142
1,1,1,0,0,1,0,0,0,1,54,23035.35357142857
1,1,0,1,1,0,0,0,0,5,52,10644.596428571429
1,1,1,0,0,1,0,0,1,6,54,10283.385714285716
1,1,1,0,0,0,0,1,6,0,53,12432.017857142855
1,1,1,0,0,0,0,1,5,0,55,13184.025
1,1,0,1,1,0,0,0,4,0,54,17026.29642857143
1,1,0,1,0,1,0,0,0,4,52,10475.449999999999
1,1,1,0,1,0,0,0,0,5,54,10518.128571428573
1,1,0,1,1,0,0,0,1,2,53,10947.417857142858
1,1,0,1,0,0,0,1,3,4,55,8751.441428571427
1,1,1,0,0,0,1,0,1,1,55,10582.382142857143
1,1,1,0,1,0,0,0,1,6,53,10139.444642857143
1,1,1,0,1,0,0,0,6,3,53,9886.404285714287
1,1,0,1,1,0,0,0,2,3,50,9610.065357142857
1,1,0,1,0,0,1,0,3,6,52,7882.502142857144
1,1,1,0,0,1,0,0,1,6,51,9299.222142857143
1,1,0,1,0,1,0,0,6,6,50,7266.364999999999
1,1,0,1,0,1,0,0,4,1,53,10945.021428571428
1,1,1,0,0,1,0,0,4,3,55,10796.107142857141
1,1,0,1,0,1,0,0,4,1,50,9736.072857142859
1,1,0,1,0,1,0,0,4,0,53,13506.967857142856
1,1,1,0,0,0,0,1,6,3,53,7577.797142857143
1,1,1,0,0,0,1,0,6,2,53,9901.130000000001
1,1,0,1,0,1,0,0,3,5,52,10397.996428571432
1,1,0,1,0,1,0,0,6,3,55,11694.546428571426
1,1,0,1,0,1,0,0,2,6,55,11741.117857142857
1,1,1,0,0,0,0,1,0,6,55,10640.500000000002
1,1,1,0,0,1,0,0,4,0,51,11572.41785714286
1,1,0,1,0,0,1,0,5,0,51,10196.267857142857
1,1,1,0,0,0,0,1,3,5,50,6605.367142857144
1,1,0,1,1,0,0,0,2,2,53,10852.021428571426
1,1,0,1,0,0,1,0,5,2,54,11319.57142857143
1,1,1,0,0,0,0,1,2,1,51,9217.346428571429
1,1,1,0,1,0,0,0,5,1,53,12444.867857142859
1,1,1,0,0,1,0,0,3,2,53,9955.077857142858
1,1,0,1,0,1,0,0,5,2,50,9766.924285714285
1,1,0,1,0,1,0,0,3,5,50,7367.228571428573
1,1,0,1,1,0,0,0,6,2,52,10440.860714285713
1,1,0,1,0,1,0,0,5,2,51,10005.771785714283
1,1,1,0,0,1,0,0,3,1,54,10291.878571428571
1,1,0,1,1,0,0,0,6,1,52,10412.60357142857
1,1,1,0,0,0,1,0,4,1,52,9647.725357142857
1,1,1,0,0,0,1,0,6,0,52,9880.354285714286
1,1,0,1,0,1,0,0,0,6,52,10439.460714285713
1,1,0,1,0,0,1,0,2,1,51,7837.27642857143
1,1,0,1,0,0,1,0,6,0,50,9654.904999999999
1,1,0,1,0,0,0,1,4,0,50,12048.789285714283
1,1,1,0,0,0,1,0,2,0,52,9626.771071428573
1,1,0,1,1,0,0,0,2,6,54,11241.1
1,1,1,0,1,0,0,0,0,6,52,9641.674999999997
1,1,1,0,0,1,0,0,4,5,55,10730.632142857143
1,1,0,1,1,0,0,0,1,4,55,11732.228571428568
1,1,0,1,0,1,0,0,4,1,51,10003.120357142858
1,1,1,0,1,0,0,0,3,6,53,9968.680357142859
1,1,1,0,0,0,1,0,6,4,55,10578.921428571428
1,1,1,0,0,0,0,1,3,6,51,6824.7010714285725
1,1,1,0,0,1,0,0,3,0,51,11428.357142857141
1,1,0,1,0,0,0,1,0,3,51,10004.07642857143
1,1,1,0,1,0,0,0,3,4,54,10248.2
1,1,1,0,0,0,1,0,3,2,52,9647.130000000003
1,1,0,1,0,0,1,0,4,3,55,11651.575000000003
1,1,0,1,0,1,0,0,6,2,53,10871.039285714287
1,1,0,1,0,1,0,0,6,5,51,7598.7421428571415
1,1,1,0,0,0,1,0,1,6,52,7461.558214285716
1,1,1,0,0,0,1,0,6,3,52,9614.968214285716
1,1,0,1,0,1,0,0,6,1,55,11658.517857142857
1,1,0,1,0,1,0,0,1,4,55,11821.567857142856
1,1,1,0,0,1,0,0,3,4,55,10709.392857142857
1,1,0,1,0,0,1,0,2,1,53,13660.532142857146
1,1,0,1,0,0,1,0,3,0,50,9622.16892857143
1,1,0,1,0,1,0,0,3,3,53,10815.732142857145
1,1,0,1,0,0,1,0,4,6,54,11197.353571428572
1,1,1,0,1,0,0,0,1,2,53,10515.676428571429
1,1,0,1,0,1,0,0,0,4,51,10138.353571428572
1,1,1,0,0,1,0,0,4,4,55,10721.289285714289
1,1,0,1,0,1,0,0,5,6,50,7341.613571428571
1,1,1,0,1,0,0,0,0,3,54,10761.5
1,1,1,0,0,1,0,0,4,5,52,9743.575357142856
1,1,1,0,0,0,0,1,6,1,54,10445.207142857142
1,1,1,0,0,0,0,1,2,0,50,11103.578571428574
1,1,1,0,0,0,0,1,4,1,53,9913.595357142856
1,1,1,0,0,0,1,0,3,5,52,7360.898214285716
1,1,0,1,0,0,0,1,6,1,55,11738.764285714284
1,1,1,0,0,0,0,1,2,2,50,8761.277857142859
1,1,0,1,0,0,0,1,1,2,52,10421.074999999999
1,1,1,0,0,0,1,0,1,6,51,9168.659642857141
1,1,1,0,1,0,0,0,5,3,53,10134.581785714287
1,1,1,0,1,0,0,0,1,0,50,28465.417857142857
1,1,0,1,0,1,0,0,4,1,55,11630.939285714285
1,1,0,1,0,0,1,0,2,0,52,13076.93214285714
1,1,1,0,0,0,0,1,5,0,50,11036.917857142858
1,1,0,1,0,1,0,0,0,4,53,10823.032142857144
1,1,0,1,0,0,0,1,5,4,50,7307.436071428574
1,1,0,1,1,0,0,0,4,6,52,7924.688571428572
1,1,0,1,0,0,0,1,5,3,55,11717.735714285713
1,1,0,1,0,1,0,0,3,0,50,12006.510714285718
1,1,0,1,0,0,0,1,0,1,55,23227.746428571427
1,1,1,0,0,0,1,0,3,1,51,9288.621785714286
1,1,1,0,1,0,0,0,6,1,55,13204.032142857139
1,1,1,0,0,0,0,1,1,2,54,10193.07142857143
1,1,0,1,0,0,0,1,3,4,50,7252.925357142858
1,1,0,1,0,0,1,0,5,2,52,10422.785714285712
1,1,0,1,0,0,0,1,3,4,51,7518.641428571427
1,1,0,1,0,0,0,1,4,6,52,7833.066071428571
1,1,0,1,1,0,0,0,3,2,55,11641.374999999998
1,1,1,0,0,1,0,0,5,6,51,6902.021071428571
1,1,1,0,0,1,0,0,1,3,50,8802.333928571428
1,1,1,0,1,0,0,0,4,3,51,9158.237142857144
1,1,1,0,1,0,0,0,3,1,50,10953.814285714283
1,1,1,0,0,0,1,0,6,4,50,8824.834642857144
1,1,1,0,1,0,0,0,4,6,52,7402.772499999999
1,1,1,0,0,0,1,0,4,3,54,10458.832142857142
1,1,0,1,0,1,0,0,6,6,55,11700.17142857143
1,1,1,0,0,1,0,0,5,4,54,10274.282142857144
1,1,1,0,0,0,0,1,1,5,52,7399.031785714286
1,1,0,1,0,0,0,1,4,5,55,8691.52642857143
1,1,0,1,0,0,1,0,6,1,54,11188.457142857145
1,1,1,0,0,1,0,0,3,3,54,10268.721428571429
1,1,1,0,0,0,1,0,1,3,50,6615.623214285713
1,1,0,1,1,0,0,0,1,5,51,10042.001785714285
1,1,1,0,1,0,0,0,1,1,52,12343.875
1,1,0,1,1,0,0,0,1,2,55,11602.56428571429
1,1,1,0,1,0,0,0,5,1,52,9714.740357142857
1,1,1,0,0,0,1,0,5,3,53,9817.643928571428
1,1,1,0,0,0,1,0,1,0,54,17956.29642857143
1,1,1,0,0,0,1,0,1,2,53,7518.184285714286
1,1,1,0,0,1,0,0,3,2,50,8798.291071428572
1,1,1,0,0,1,0,0,2,1,50,8811.778928571428
1,1,0,1,1,0,0,0,0,2,52,13210.85357142857
1,1,1,0,0,1,0,0,1,1,55,13395.585714285715
1,1,1,0,0,0,0,1,3,6,55,7962.538214285714
1,1,1,0,0,1,0,0,6,5,51,6979.780714285715
1,1,1,0,0,0,1,0,3,4,52,7304.414285714285
1,1,1,0,0,0,0,1,6,6,54,7947.120000000002
1,1,0,1,0,1,0,0,3,2,54,11516.932142857146
1,1,1,0,0,0,0,1,5,3,51,7028.360357142858
1,1,1,0,0,1,0,0,1,5,52,9651.783928571427
1,1,0,1,0,0,0,1,3,4,54,11312.939285714285
1,1,1,0,0,0,1,0,4,1,54,12780.83928571428
1,1,0,1,0,0,1,0,0,2,51,9988.968214285711
1,1,0,1,0,0,0,1,4,6,54,8381.460357142856
1,1,0,1,0,0,0,1,4,5,50,7208.53607142857
1,1,0,1,1,0,0,0,6,3,52,10479.357142857143
1,1,1,0,0,0,0,1,1,5,51,6910.433571428572
1,1,0,1,1,0,0,0,3,2,50,9634.164285714283
1,1,1,0,0,0,1,0,5,5,50,8827.153214285712
1,1,0,1,0,0,0,1,4,4,53,8079.0767857142855
1,1,0,1,0,0,1,0,0,6,50,7337.530357142857
1,1,1,0,1,0,0,0,6,0,54,15479.22857142857
1,1,0,1,1,0,0,0,2,6,51,7531.559642857142
1,1,1,0,1,0,0,0,5,5,51,6984.51642857143
1,1,1,0,0,1,0,0,4,1,51,9229.779999999999
1,1,0,1,0,1,0,0,2,5,55,11610.725000000002
1,1,0,1,0,1,0,0,3,2,55,11662.632142857141
1,1,1,0,0,1,0,0,2,3,51,9268.97107142857
1,1,0,1,0,1,0,0,4,5,54,11368.028571428571
1,1,0,1,0,0,1,0,6,0,55,14499.135714285716
1,1,1,0,0,0,0,1,6,2,50,8897.715714285716
1,1,0,1,0,1,0,0,3,4,50,9660.106071428572
1,1,1,0,0,0,0,1,1,0,55,15878.875000000002
1,1,1,0,0,1,0,0,5,6,53,9877.826071428575
1,1,0,1,0,0,1,0,2,6,54,11308.278571428571
1,1,0,1,0,0,1,0,6,2,50,7307.085714285715
1,1,1,0,1,0,0,0,1,4,54,10347.714285714288
1,1,0,1,0,0,0,1,4,1,55,11714.889285714284
1,1,0,1,0,0,0,1,1,3,54,11266.203571428574
1,1,1,0,1,0,0,0,3,2,51,9233.073214285712
1,1,0,1,0,0,1,0,6,2,53,10783.439285714287
1,1,1,0,0,0,1,0,3,6,52,9688.48357142857
1,1,0,1,1,0,0,0,1,1,51,12602.457142857142
1,1,1,0,0,0,0,1,6,2,53,9976.332142857145
1,1,0,1,0,0,1,0,3,0,52,8025.371785714286
1,1,0,1,0,0,0,1,4,1,50,9585.320357142858
1,1,1,0,0,0,0,1,5,0,52,12532.925000000003
1,1,1,0,0,0,0,1,6,5,53,7640.566785714284
1,1,0,1,0,0,0,1,3,2,51,9969.31142857143
1,1,0,1,0,0,1,0,0,2,54,11318.95
1,1,0,1,0,1,0,0,4,6,53,10800.282142857144
1,1,0,1,0,0,1,0,5,4,53,10787.732142857143
1,1,1,0,0,0,0,1,6,0,50,8754.275714285715
1,1,1,0,0,0,1,0,1,5,50,6638.023214285715
1,1,0,1,0,0,1,0,1,6,52,7943.528214285713
1,1,0,1,1,0,0,0,1,5,52,10581.489285714284
1,1,1,0,0,1,0,0,3,6,53,9980.670357142855
1,1,0,1,1,0,0,0,2,5,54,11298.8
1,1,0,1,0,1,0,0,1,5,55,11674.55357142857
1,1,0,1,0,0,1,0,5,1,54,13977.35
1,1,0,1,0,0,1,0,5,4,50,9646.541071428572
1,1,1,0,0,1,0,0,2,2,50,8868.045714285714
1,1,0,1,0,0,0,1,1,2,53,10780.621428571427
1,1,1,0,1,0,0,0,5,6,55,10673.585714285713
1,1,1,0,0,1,0,0,4,4,50,8833.81142857143
1,1,1,0,0,1,0,0,1,3,53,9907.192857142858
1,1,1,0,0,1,0,0,6,4,51,7022.481785714285
1,1,1,0,0,0,0,1,6,1,53,10111.588928571431
1,1,1,0,1,0,0,0,1,5,54,10179.485714285713
1,1,1,0,0,0,1,0,2,3,51,9106.789285714285
1,1,0,1,0,0,1,0,5,5,53,10851.35357142857
1,1,1,0,0,0,1,0,4,2,51,6889.851785714284
1,1,0,1,0,1,0,0,1,6,51,10176.084285714287
1,1,0,1,1,0,0,0,2,1,53,13466.253571428571
1,1,1,0,0,0,1,0,4,1,53,10259.835714285713
1,1,0,1,0,0,0,1,4,4,51,7614.116785714287
1,1,1,0,0,0,0,1,4,6,55,7937.0025
1,1,0,1,1,0,0,0,2,1,51,12666.4
1,1,0,1,0,1,0,0,4,4,52,10437.167857142858
1,1,0,1,0,0,0,1,2,5,53,8136.414642857142
1,1,0,1,0,0,0,1,2,0,51,12529.800000000001
1,1,1,0,0,1,0,0,4,2,54,10261.821428571426
1,1,0,1,0,1,0,0,2,0,52,13061.23214285714
1,1,0,1,0,0,0,1,5,5,52,7827.317499999999
1,1,0,1,1,0,0,0,2,3,55,11590.94642857143
1,1,0,1,0,0,1,0,3,4,52,7921.049642857144
1,1,0,1,0,0,1,0,6,1,52,10514.903571428573
1,1,0,1,0,1,0,0,0,1,53,21636.464285714286
1,1,1,0,0,1,0,0,3,1,50,8799.903214285716
1,1,0,1,0,0,1,0,1,3,52,7873.001428571428
1,1,1,0,0,0,1,0,5,3,51,6932.422142857142
1,1,0,1,0,0,0,1,2,2,54,11422.382142857143
1,1,0,1,0,1,0,0,6,2,52,10454.95
1,1,1,0,0,1,0,0,1,2,55,13486.082142857138
1,1,0,1,0,0,0,1,6,5,50,7401.405
1,1,0,1,1,0,0,0,0,2,50,9620.048571428571
1,1,0,1,0,0,1,0,0,1,54,16920.882142857143
1,1,1,0,0,0,0,1,4,2,54,10358.035714285714
1,1,1,0,0,0,0,1,4,1,55,10656.110714285713
1,1,0,1,0,0,0,1,4,0,51,12528.989285714286
1,1,0,1,0,0,1,0,1,0,50,17204.007142857143
1,1,0,1,0,0,1,0,2,2,55,11672.728571428572
1,1,0,1,0,0,0,1,5,4,54,8485.338214285714
1,1,1,0,0,0,1,0,4,6,51,9232.57892857143
1,1,1,0,0,0,1,0,5,1,52,9659.768214285714
1,1,1,0,0,0,0,1,3,4,55,7981.634642857142
1,1,0,1,0,0,0,1,6,2,52,10514.407142857144
1,1,1,0,0,0,0,1,4,5,51,6834.028214285716
1,1,0,1,1,0,0,0,0,3,50,9694.278928571428
1,1,0,1,0,0,1,0,0,3,50,7208.785714285715
1,1,1,0,1,0,0,0,4,3,52,9808.204642857145
1,1,0,1,1,0,0,0,0,1,52,28690.685714285715
1,1,0,1,0,0,1,0,1,1,50,9631.492142857143
1,1,1,0,0,1,0,0,5,1,55,10780.182142857144
1,1,0,1,0,0,1,0,0,6,54,11502.835714285711
1,1,0,1,0,0,1,0,2,4,53,10787.307142857144
1,1,1,0,1,0,0,0,3,2,55,10614.517857142855
1,1,1,0,0,1,0,0,5,6,55,7976.077499999998
1,1,1,0,0,0,0,1,0,3,55,10668.192857142858
1,1,0,1,0,1,0,0,1,0,55,23312.48214285714
1,1,0,1,1,0,0,0,4,3,51,9978.470000000001
1,1,0,1,1,0,0,0,0,4,50,9769.731785714286
1,1,0,1,1,0,0,0,0,4,52,10425.271428571428
1,1,1,0,0,0,0,1,6,5,55,7917.624285714287
1,1,1,0,0,1,0,0,2,1,51,9385.074999999999
1,1,1,0,0,1,0,0,0,6,55,10638.057142857144
1,1,1,0,0,1,0,0,0,4,50,8913.832857142857
1,1,0,1,0,1,0,0,5,3,55,11593.264285714282
1,1,0,1,0,0,1,0,3,2,54,11287.932142857144
1,1,0,1,1,0,0,0,6,2,55,11611.917857142858
1,1,0,1,0,1,0,0,3,6,55,11620.296428571426
1,1,1,0,0,1,0,0,4,5,51,9157.316428571428
1,1,0,1,1,0,0,0,5,6,54,11361.992857142859
1,1,1,0,0,0,1,0,4,3,51,6921.327857142859
1,1,0,1,1,0,0,0,2,0,50,16879.58571428572
1,1,1,0,0,0,0,1,3,3,50,8818.212142857143
1,1,0,1,0,1,0,0,4,2,54,11229.060714285713
1,1,1,0,0,0,0,1,6,1,51,9146.46785714286
1,1,0,1,0,0,0,1,1,0,53,21736.61071428572
1,1,0,1,0,0,0,1,6,0,51,10026.57107142857
1,1,0,1,0,0,0,1,3,0,55,14506.42857142857
1,1,0,1,0,0,0,1,6,5,51,7720.673928571428
1,1,1,0,0,0,0,1,1,5,53,7788.8949999999995
1,1,0,1,0,1,0,0,0,1,55,23248.492857142865
1,1,0,1,1,0,0,0,4,1,55,14503.732142857143
1,1,0,1,0,0,0,1,6,2,55,11600.460714285711
1,1,0,1,0,0,0,1,2,2,51,10003.298214285713
1,1,1,0,0,1,0,0,5,2,55,10634.374999999998
1,1,0,1,0,1,0,0,3,4,51,10043.064999999999
1,1,1,0,0,0,1,0,2,5,53,9886.712142857144
1,1,1,0,0,0,1,0,5,1,53,10018.70892857143
1,1,1,0,0,1,0,0,3,1,52,9573.6275
1,1,0,1,1,0,0,0,3,5,52,10621.360714285716
1,1,0,1,0,1,0,0,1,1,52,13020.717857142856
1,1,0,1,0,0,0,1,2,5,52,7899.805
1,1,1,0,1,0,0,0,4,2,53,9867.480357142858
1,1,1,0,0,1,0,0,5,6,50,6599.879285714286
1,1,1,0,0,1,0,0,0,4,54,10301.075
1,1,0,1,0,0,0,1,5,3,53,8118.213571428571
1,1,0,1,0,0,1,0,1,6,51,10241.353214285717
1,1,0,1,1,0,0,0,4,4,52,10436.44642857143
1,1,1,0,0,0,0,1,4,3,50,8891.388928571429
1,1,1,0,1,0,0,0,3,4,52,9846.498928571431
1,1,1,0,0,0,0,1,3,2,51,9112.441071428571
1,1,1,0,0,0,1,0,2,6,55,10617.896428571428
1,1,1,0,0,0,1,0,4,2,52,9576.286071428573
1,1,0,1,0,0,0,1,0,5,53,10788.810714285713
1,1,1,0,0,0,1,0,3,1,50,10955.471428571429
1,1,0,1,0,1,0,0,2,6,52,7841.623214285714
1,1,0,1,0,0,1,0,4,5,54,11238.61071428571
1,1,0,1,0,0,1,0,6,1,55,11617.342857142858
1,1,0,1,0,0,0,1,2,4,53,10768.44642857143
1,1,0,1,1,0,0,0,1,0,52,36620.55357142858
1,1,1,0,0,0,0,1,4,3,52,9750.368571428571
1,1,1,0,0,0,0,1,2,3,53,9893.181071428571
1,1,1,0,0,1,0,0,3,3,51,9231.42607142857
1,1,0,1,0,1,0,0,6,5,54,8492.153214285714
1,1,1,0,0,1,0,0,6,2,53,10031.411428571426
1,1,0,1,0,1,0,0,0,6,50,7387.4628571428575
1,1,1,0,0,0,0,1,1,0,52,12304.278571428575
1,1,1,0,0,0,1,0,5,6,54,10189.246428571429
1,1,1,0,0,1,0,0,2,5,50,6780.629999999999
1,1,0,1,0,0,1,0,5,0,54,14108.80357142857
1,1,1,0,1,0,0,0,6,0,52,14460.024999999998
1,1,0,1,0,1,0,0,5,3,53,10894.092857142856
1,1,1,0,1,0,0,0,6,5,52,7365.070357142856
1,1,0,1,0,0,1,0,0,5,50,7283.267142857143
1,1,0,1,0,0,1,0,0,4,52,7854.093214285715
1,1,0,1,0,0,0,1,3,6,52,7870.5035714285705
1,1,1,0,0,1,0,0,5,0,55,13460.589285714284
1,1,0,1,0,1,0,0,3,2,53,11017.728571428572
1,1,0,1,0,0,1,0,5,3,51,7671.019285714286
1,1,0,1,0,1,0,0,0,5,50,9662.420357142857
1,1,1,0,0,0,1,0,4,0,50,8907.062142857143
1,1,0,1,0,0,0,1,2,6,54,8651.335357142856
1,1,1,0,1,0,0,0,6,0,53,14792.467857142856
1,1,1,0,1,0,0,0,1,4,51,9157.998214285715
1,1,0,1,0,1,0,0,4,5,51,7526.207499999999
1,1,1,0,0,1,0,0,3,2,55,10621.357142857143
1,1,0,1,1,0,0,0,6,0,50,14523.228571428568
1,1,0,1,0,1,0,0,4,2,52,10439.882142857141
1,1,1,0,0,0,0,1,0,2,52,9594.527142857141
1,1,1,0,0,0,1,0,2,5,51,9100.057142857144
1,1,0,1,1,0,0,0,2,1,52,13109.167857142858
1,1,0,1,1,0,0,0,6,3,50,9710.789642857142
1,1,1,0,1,0,0,0,5,0,50,13283.932142857142
1,1,1,0,0,0,0,1,3,6,50,6672.104642857144
1,1,0,1,1,0,0,0,1,3,53,10828.94642857143
1,1,1,0,1,0,0,0,3,4,55,10549.575000000003
1,1,1,0,0,1,0,0,3,5,53,10046.294285714286
1,1,0,1,0,1,0,0,2,5,54,11251.100000000002
1,1,0,1,0,1,0,0,3,6,54,8433.668214285713
1,1,0,1,0,0,1,0,3,3,52,10536.685714285713
1,1,1,0,0,0,1,0,2,2,54,10242.539285714287
1,1,1,0,1,0,0,0,2,0,53,17283.864285714284
1,1,0,1,0,0,0,1,5,0,51,12527.19285714286
1,1,0,1,0,1,0,0,1,4,54,11283.264285714287
1,1,0,1,0,0,0,1,2,3,52,10517.199999999999
1,1,1,0,0,1,0,0,0,4,51,9191.225357142856
1,1,0,1,0,0,1,0,6,4,50,9684.131071428574
1,1,1,0,0,0,1,0,2,4,50,6640.879642857142
1,1,0,1,0,1,0,0,5,0,52,13018.692857142856
1,1,0,1,0,0,1,0,1,6,55,11675.807142857144
1,1,0,1,0,1,0,0,5,4,51,7718.94142857143
1,1,0,1,0,0,0,1,4,5,51,7576.131785714286
1,1,1,0,0,0,0,1,0,3,51,9205.19392857143
1,1,1,0,1,0,0,0,3,3,51,9183.753571428573
1,1,1,0,0,0,1,0,2,0,50,8801.738571428572
1,1,0,1,0,0,0,1,5,0,50,12113.725
1,1,0,1,0,1,0,0,4,0,55,17408.496428571423
1,1,0,1,0,0,1,0,6,3,50,9618.2225
1,1,1,0,0,0,1,0,4,6,55,10620.846428571427
1,1,0,1,0,0,1,0,2,0,53,13628.317857142862
1,1,0,1,0,0,0,1,5,2,55,11593.164285714287
1,1,0,1,0,0,1,0,2,6,50,7263.305357142856
1,1,0,1,0,0,0,1,1,2,50,9611.142142857145
1,1,1,0,0,1,0,0,1,1,51,11658.764285714287
1,1,1,0,0,1,0,0,4,2,55,10659.967857142856
1,1,1,0,0,0,0,1,0,6,54,7885.636785714286
1,1,1,0,1,0,0,0,6,4,53,10019.219642857146
1,1,1,0,0,0,1,0,5,6,52,9624.289642857142
1,1,1,0,1,0,0,0,0,1,53,29611.414285714294
1,1,0,1,0,0,0,1,1,5,52,7913.074285714286
1,1,1,0,0,0,0,1,0,3,53,10365.427142857146
1,1,1,0,0,0,0,1,1,5,55,10695.7
1,1,1,0,0,1,0,0,0,5,52,9608.800357142856
1,1,0,1,0,0,0,1,2,4,50,7260.82
1,1,0,1,0,0,1,0,3,4,50,9637.28642857143
1,1,1,0,0,0,0,1,2,1,54,10224.239285714286
1,1,1,0,0,0,1,0,6,6,54,10245.367857142859
1,1,1,0,0,1,0,0,0,3,55,10696.6
1,1,1,0,1,0,0,0,5,4,51,9140.667142857143
1,1,1,0,1,0,0,0,0,4,54,10204.707142857142
1,1,1,0,0,1,0,0,3,4,51,9250.598214285716
1,1,0,1,1,0,0,0,2,1,54,14060.821428571426
1,1,1,0,0,0,0,1,0,6,53,7731.825714285716
1,1,0,1,1,0,0,0,6,5,53,10828.699999999999
1,1,0,1,0,1,0,0,1,5,52,10411.492857142857
1,1,0,1,0,0,1,0,0,6,55,11607.110714285716
1,1,1,0,0,1,0,0,0,6,53,9987.702857142858
1,1,1,0,1,0,0,0,1,1,55,13255.742857142859
1,1,0,1,0,0,1,0,5,2,55,11706.107142857147
1,1,0,1,0,0,0,1,6,4,53,8145.609285714287
1,1,0,1,0,0,0,1,0,6,53,8122.2178571428585
1,1,0,1,0,1,0,0,6,3,52,10452.699999999999
1,1,1,0,1,0,0,0,4,6,54,10498.332142857142
1,1,1,0,0,0,0,1,2,2,52,9690.220714285713
1,1,1,0,0,1,0,0,3,0,52,11980.72857142857
1,1,0,1,0,0,1,0,4,0,52,10621.982142857145
1,1,1,0,0,0,0,1,0,5,50,8800.893928571428
1,1,0,1,0,1,0,0,1,4,53,10803.59642857143
1,1,0,1,0,0,0,1,5,6,54,8396.121785714287
1,1,0,1,1,0,0,0,5,4,55,11594.128571428568
1,1,0,1,0,1,0,0,5,1,50,9741.66392857143
1,1,1,0,1,0,0,0,4,1,54,12940.710714285713
1,1,1,0,0,1,0,0,6,1,51,9233.63035714286
1,1,0,1,0,0,0,1,2,1,53,10838.45357142857
1,1,0,1,0,0,1,0,2,0,54,14045.649999999996
1,1,1,0,0,0,1,0,0,3,54,10337.80357142857
1,1,1,0,0,0,0,1,3,4,52,7265.464642857142
1,1,0,1,0,0,0,1,1,0,50,19289.51785714286
1,1,1,0,0,1,0,0,2,3,53,9887.039642857142
1,1,1,0,0,1,0,0,3,5,54,10307.535714285714
1,1,0,1,0,0,0,1,0,2,52,10641.835714285715
1,1,0,1,0,0,0,1,1,3,52,10550.171428571426
1,1,1,0,0,0,0,1,5,3,53,7620.214285714285
1,1,0,1,0,0,1,0,1,3,51,7676.810714285714
1,1,1,0,1,0,0,0,1,6,51,6933.268214285717
1,1,0,1,1,0,0,0,2,4,52,10487.910714285716
1,1,0,1,0,0,1,0,1,3,50,7263.260357142855
1,1,0,1,0,1,0,0,0,3,55,11832.550000000001
1,1,1,0,0,0,0,1,5,1,50,8745.277142857145
1,1,0,1,0,0,1,0,1,5,53,10800.264285714287
1,1,1,0,0,0,1,0,0,4,50,6578.662857142857
1,1,0,1,0,1,0,0,2,1,52,10521.675000000001
1,1,1,0,0,0,0,1,2,0,55,13293.582142857138
1,1,0,1,1,0,0,0,5,1,53,13496.292857142862
1,1,1,0,0,0,1,0,2,2,55,10596.335714285715
1,1,0,1,0,0,0,1,3,0,50,12071.207142857142
1,1,0,1,0,0,0,1,4,2,50,9590.872142857143
1,1,1,0,0,1,0,0,6,5,54,10379.507142857143
1,1,0,1,0,0,1,0,4,3,53,10876.782142857142
1,1,0,1,0,0,0,1,3,6,53,8117.571428571428
1,1,0,1,1,0,0,0,0,3,52,10526.278571428571
1,1,0,1,0,0,0,1,0,4,53,10787.210714285715
1,1,1,0,0,1,0,0,5,5,51,7022.495714285715
1,1,1,0,0,0,1,0,1,1,50,8747.922499999999
1,1,0,1,0,0,0,1,5,6,53,8349.744642857142
1,1,0,1,0,0,0,1,4,4,54,8538.686785714286
1,1,1,0,0,0,1,0,6,1,52,9659.289642857142
1,1,0,1,0,0,1,0,0,3,51,7531.974285714286
1,1,1,0,1,0,0,0,0,5,52,9761.408214285713
1,1,0,1,0,1,0,0,6,6,54,8520.44642857143
1,1,0,1,0,1,0,0,3,2,51,10045.763928571427
1,1,0,1,0,1,0,0,2,1,51,10175.52607142857
1,1,0,1,0,0,1,0,4,2,53,10820.403571428571
1,1,1,0,0,0,0,1,4,5,50,6650.283928571429
1,1,0,1,0,0,0,1,4,2,52,10431.960714285715
1,1,1,0,0,0,0,1,1,2,55,10670.178571428576
1,1,1,0,0,1,0,0,2,6,53,9882.412857142857
1,1,0,1,0,0,1,0,5,5,55,11740.664285714285
1,1,1,0,1,0,0,0,2,1,52,12446.978571428572
1,1,0,1,0,0,1,0,6,2,55,11628.682142857142
1,1,1,0,0,0,0,1,4,2,50,8883.6975
1,1,0,1,1,0,0,0,6,4,53,10840.135714285714
1,1,1,0,1,0,0,0,2,2,50,8846.908928571429
1,1,1,0,0,1,0,0,4,6,51,6903.1557142857155
1,1,0,1,1,0,0,0,1,0,50,28787.18214285715
1,1,1,0,1,0,0,0,6,2,55,10666.103571428572
1,1,0,1,0,1,0,0,0,6,55,11633.61785714286
1,1,0,1,0,0,0,1,3,1,55,11608.989285714282
1,1,0,1,0,1,0,0,1,4,52,10409.378571428573
1,1,1,0,1,0,0,0,2,3,51,9088.079642857143
1,1,1,0,0,0,1,0,1,4,55,10585.664285714282
1,1,0,1,1,0,0,0,3,6,52,7823.797142857143
1,1,0,1,0,0,1,0,1,4,53,10957.071428571431
1,1,0,1,1,0,0,0,6,5,54,11262.078571428574
1,1,1,0,0,0,1,0,3,2,50,8771.175714285713
1,1,1,0,0,0,1,0,1,1,52,9588.022499999997
1,1,0,1,1,0,0,0,1,6,51,7673.936785714286
1,1,0,1,1,0,0,0,2,4,50,9611.813571428569
1,1,1,0,1,0,0,0,2,3,53,9874.487142857144
1,1,1,0,1,0,0,0,2,3,55,10554.382142857143
1,1,0,1,0,1,0,0,3,6,51,10025.201785714287
1,1,0,1,0,0,1,0,4,1,52,10674.407142857146
1,1,0,1,0,1,0,0,0,4,55,11782.060714285715
1,1,0,1,0,0,0,1,4,1,54,11325.128571428571
1,1,0,1,0,0,0,1,6,0,54,13990.835714285718
1,1,0,1,0,1,0,0,3,4,54,11278.071428571426
1,1,0,1,0,1,0,0,2,5,50,7281.7525000000005
1,1,0,1,0,1,0,0,0,2,51,10058.470000000001
1,1,0,1,0,1,0,0,2,1,54,11184.146428571428
1,1,1,0,0,1,0,0,2,1,54,10341.696428571426
1,1,0,1,0,0,1,0,4,0,55,14498.267857142857
1,1,1,0,1,0,0,0,3,1,51,11578.149999999998
1,1,0,1,0,1,0,0,5,3,50,9706.444285714284
1,1,0,1,0,0,0,1,1,6,53,8173.238214285712
1,1,1,0,1,0,0,0,1,4,53,10081.95642857143
1,1,0,1,0,0,0,1,2,3,55,11593.435714285713
1,1,1,0,1,0,0,0,6,5,54,10356.239285714288
1,1,0,1,0,0,0,1,3,5,53,8091.9867857142835
1,1,0,1,0,1,0,0,0,3,50,9692.283571428572
1,1,1,0,0,0,1,0,2,2,53,9834.140714285715
1,1,0,1,0,1,0,0,3,4,52,10469.44642857143
1,1,0,1,0,0,1,0,2,2,54,11214.428571428576
1,1,1,0,1,0,0,0,1,6,54,10355.425000000001
1,1,1,0,0,0,1,0,2,5,52,9580.1575
1,1,0,1,0,0,1,0,6,5,50,9700.518571428573
1,1,0,1,0,1,0,0,2,3,54,11351.985714285718
1,1,0,1,0,0,1,0,6,0,52,13144.642857142859
1,1,0,1,0,0,0,1,5,1,55,11712.832142857145
1,1,1,0,0,1,0,0,4,4,52,9616.897142857144
1,1,1,0,1,0,0,0,4,0,55,15837.328571428574
1,1,1,0,0,0,1,0,4,1,51,7137.621785714286
1,1,0,1,0,0,0,1,1,3,55,11626.110714285713
1,1,1,0,0,0,1,0,0,6,52,7223.750357142858
1,1,1,0,0,0,0,1,4,4,50,6716.220714285714
1,1,1,0,0,0,1,0,6,4,53,9833.401071428572
1,1,1,0,0,0,0,1,2,6,51,6835.28
1,1,1,0,1,0,0,0,1,5,55,10632.785714285714
1,1,1,0,1,0,0,0,0,3,52,9578.09642857143
1,1,0,1,1,0,0,0,5,0,54,16839.807142857146
1,1,0,1,1,0,0,0,4,3,54,11177.117857142859
1,1,1,0,0,0,0,1,2,4,50,6697.9525
1,1,1,0,0,0,1,0,6,0,50,7028.714285714287
1,1,1,0,0,0,1,0,1,0,55,18745.060714285715
1,1,0,1,1,0,0,0,5,3,55,11684.107142857143
1,1,1,0,0,0,0,1,5,3,54,10260.357142857143
1,1,0,1,0,0,1,0,2,5,51,9980.368571428571
1,1,1,0,0,1,0,0,1,4,52,9734.433214285717
1,1,1,0,0,0,1,0,6,5,50,8781.767142857143
1,1,0,1,0,0,0,1,6,6,50,7197.61892857143
1,1,0,1,1,0,0,0,3,6,55,11739.842857142861
1,1,1,0,0,0,1,0,5,2,54,10238.06785714286
1,1,1,0,0,0,1,0,6,0,51,9255.417857142858
1,1,0,1,0,0,0,1,6,3,53,8276.780714285715
1,1,0,1,0,1,0,0,4,3,50,9590.950357142854
1,1,1,0,0,0,1,0,2,6,50,6713.9121428571425
1,1,1,0,1,0,0,0,2,2,55,10576.285714285714
1,1,0,1,0,0,0,1,6,1,53,10930.47857142857
1,1,1,0,0,0,1,0,5,4,54,10194.814285714287
1,1,1,0,0,1,0,0,6,6,52,7329.337857142856
1,1,0,1,1,0,0,0,3,0,55,20278.825000000004
1,1,0,1,0,0,1,0,3,2,50,9699.654285714287
1,1,0,1,0,0,1,0,1,2,53,8322.647857142856
1,1,0,1,1,0,0,0,4,4,55,11613.060714285713
1,1,0,1,1,0,0,0,6,1,51,10009.116785714288
1,1,0,1,0,1,0,0,6,4,51,7520.614999999998
1,1,0,1,0,0,1,0,4,2,52,10505.22857142857
1,1,1,0,1,0,0,0,5,0,51,13663.817857142856
1,1,0,1,0,0,1,0,1,4,52,7849.4875
1,1,1,0,1,0,0,0,0,2,55,13315.978571428572
1,1,1,0,1,0,0,0,2,4,53,10000.276785714286
1,1,0,1,0,0,0,1,3,0,54,14026.467857142858
1,1,1,0,0,0,0,1,1,3,53,10194.263928571429
1,1,1,0,0,0,1,0,2,3,50,6602.7474999999995
1,1,0,1,0,1,0,0,0,5,54,11347.846428571425
1,1,1,0,1,0,0,0,6,1,50,8770.652500000002
1,1,1,0,0,1,0,0,6,0,54,15573.564285714285
1,1,0,1,0,1,0,0,2,5,51,9986.17035714286
1,1,0,1,0,0,0,1,6,6,54,8395.993571428571
1,1,0,1,0,1,0,0,2,6,51,7564.168214285714
1,1,0,1,0,1,0,0,4,6,51,7648.372857142857
1,1,0,1,0,1,0,0,1,1,51,12473.907142857144
1,1,1,0,0,1,0,0,4,1,50,8936.5375
1,1,0,1,0,0,1,0,5,5,54,11214.442857142856
1,1,0,1,1,0,0,0,2,4,54,11295.125000000004
1,1,1,0,0,0,0,1,2,5,53,7654.031785714286
1,1,0,1,0,1,0,0,2,2,53,10833.47857142857
1,1,1,0,0,1,0,0,6,1,53,9898.479642857143
1,1,1,0,0,0,0,1,5,5,53,7459.024285714286
1,1,0,1,0,0,1,0,6,3,52,8022.623571428571
1,1,1,0,0,0,0,1,5,2,55,10709.871428571427
1,1,1,0,1,0,0,0,0,6,53,10019.950714285713
1,1,0,1,0,1,0,0,5,1,51,10049.670714285714
1,1,0,1,1,0,0,0,4,6,51,7522.40892857143
1,1,0,1,1,0,0,0,4,6,53,10874.267857142857
1,1,1,0,0,1,0,0,2,2,53,9995.302857142859
1,1,1,0,1,0,0,0,6,6,53,10147.824999999999
1,1,1,0,1,0,0,0,4,2,51,9236.039285714285
1,1,0,1,0,0,0,1,6,1,50,9811.640714285712
1,1,0,1,0,0,1,0,5,6,55,11746.125
1,1,0,1,1,0,0,0,3,1,54,14219.95714285714
1,1,0,1,0,0,0,1,0,2,53,10864.464285714286
1,1,0,1,0,0,0,1,0,6,50,7264.224285714286
1,1,1,0,0,0,1,0,1,6,55,10663.775
1,1,1,0,1,0,0,0,2,1,54,12776.875000000002
1,1,1,0,1,0,0,0,5,0,55,15853.075000000003
1,1,0,1,0,1,0,0,0,3,52,10492.160714285714
1,1,1,0,1,0,0,0,5,5,50,6590.012142857144
1,1,1,0,0,1,0,0,3,3,55,10630.632142857143
1,1,1,0,0,0,0,1,4,0,55,13226.20714285714
1,1,0,1,1,0,0,0,3,0,50,14526.267857142855
1,1,0,1,0,0,0,1,3,3,55,11816.925000000001
1,1,0,1,0,0,0,1,3,3,51,10071.210714285715
1,1,0,1,1,0,0,0,5,6,51,7702.187142857144
1,1,0,1,1,0,0,0,5,2,53,10835.54642857143
1,1,1,0,0,1,0,0,0,2,50,8843.530000000002
1,1,0,1,0,0,1,0,6,4,51,7640.78
1,1,0,1,0,1,0,0,1,3,52,10617.292857142855
1,1,0,1,0,0,0,1,4,1,51,9958.182499999997
1,1,0,1,0,1,0,0,5,6,51,7499.150357142857
1,1,0,1,0,0,1,0,3,5,50,9606.04964285714
1,1,1,0,0,1,0,0,5,3,50,8901.996428571429
1,1,1,0,1,0,0,0,3,5,53,10071.763214285713
1,1,1,0,0,1,0,0,5,6,54,7910.767500000001
1,1,1,0,0,0,0,1,4,2,52,9873.564285714287
1,1,0,1,0,1,0,0,3,1,54,11272.535714285714
1,1,0,1,0,0,1,0,1,5,54,11172.025000000003
1,1,1,0,0,0,1,0,3,6,53,9834.677857142857
1,1,1,0,0,1,0,0,6,0,55,13298.950000000003
1,1,1,0,0,0,0,1,3,5,54,7699.782857142856
1,1,1,0,0,0,1,0,3,3,54,10173.764285714287
1,1,1,0,0,0,1,0,4,2,50,8930.216785714285
1,1,0,1,0,1,0,0,5,2,54,11362.82857142857
1,1,1,0,1,0,0,0,0,1,50,26361.953571428567
1,1,0,1,1,0,0,0,2,2,52,10471.239285714286
1,1,0,1,0,1,0,0,3,0,52,15859.9
1,1,1,0,0,0,0,1,0,1,53,19852.66428571429
1,1,0,1,0,0,1,0,2,3,55,11592.978571428572
1,1,1,0,1,0,0,0,2,2,54,10256.278571428571
1,1,1,0,1,0,0,0,4,1,51,11358.739285714284
1,1,1,0,0,1,0,0,4,0,55,15971.892857142857
1,1,1,0,1,0,0,0,3,3,54,10308.778571428573
1,1,1,0,0,1,0,0,0,3,52,9813.0375
1,1,0,1,0,0,0,1,2,5,55,8848.597857142859
1,1,1,0,0,0,0,1,3,1,55,10788.203571428572
1,1,0,1,0,1,0,0,2,3,50,9812.064285714285
1,1,0,1,0,0,1,0,3,5,53,10953.07142857143
1,1,0,1,0,0,1,0,0,5,54,11377.421428571426
1,1,1,0,0,0,0,1,1,5,54,10380.524999999998
1,1,0,1,1,0,0,0,0,2,54,14073.675000000001
1,1,0,1,0,1,0,0,5,1,52,10459.42857142857
1,1,1,0,0,0,1,0,0,2,53,10013.13357142857
1,1,1,0,0,0,1,0,3,0,51,9301.274285714286
1,1,0,1,1,0,0,0,1,3,51,10021.594642857144
1,1,0,1,1,0,0,0,1,4,50,9680.758928571433
1,1,1,0,0,0,1,0,3,5,53,9868.681428571426
1,1,0,1,0,0,1,0,0,3,54,11276.578571428572
1,1,1,0,0,0,1,0,5,1,54,10216.567857142856
1,1,0,1,1,0,0,0,3,4,54,11205.121428571427
1,1,1,0,1,0,0,0,6,3,54,10479.285714285712
1,1,1,0,0,0,1,0,3,0,54,12829.964285714286
1,1,1,0,0,0,0,1,1,2,52,9637.192142857142
1,1,1,0,0,0,0,1,2,4,51,9140.502142857145
1,1,0,1,0,0,0,1,2,1,54,14157.307142857142
1,1,1,0,0,1,0,0,2,4,50,8938.154642857144
1,1,1,0,0,0,1,0,2,0,55,10947.899999999998
1,1,0,1,0,1,0,0,1,2,53,10867.428571428574
1,1,0,1,0,0,0,1,4,0,52,13044.103571428568
1,1,1,0,1,0,0,0,6,2,54,10379.77857142857
1,1,0,1,1,0,0,0,4,0,51,14951.04642857143
1,1,1,0,0,0,0,1,5,4,52,7541.514999999999
1,1,0,1,0,1,0,0,1,3,50,9622.930357142857
1,1,0,1,0,0,0,1,1,5,50,7237.463571428573
1,1,1,0,0,0,1,0,0,5,55,10659.275
1,1,0,1,1,0,0,0,5,1,50,9722.741785714283
1,1,1,0,0,1,0,0,5,1,50,8880.063928571426
1,1,1,0,0,0,1,0,4,2,54,10247.664285714287
1,1,0,1,0,0,1,0,6,3,51,7614.553214285714
1,1,1,0,0,0,1,0,2,1,51,9262.189999999999
1,1,0,1,0,0,0,1,2,1,52,10508.132142857141
1,1,0,1,0,0,0,1,1,2,54,11194.796428571428
1,1,0,1,0,1,0,0,2,5,52,10450.350000000002
1,1,0,1,0,0,0,1,3,6,55,8780.557499999999
1,1,1,0,1,0,0,0,3,6,51,6875.321785714287
1,1,0,1,0,0,1,0,6,6,55,11682.824999999999
1,1,0,1,0,1,0,0,2,0,50,12156.517857142857
1,1,0,1,0,1,0,0,1,0,50,19228.014285714286
1,1,0,1,0,0,1,0,2,1,50,7431.131071428571
1,1,1,0,0,1,0,0,2,3,52,9697.493214285714
1,1,1,0,0,1,0,0,0,2,54,10310.417857142858
1,1,1,0,0,0,0,1,3,2,54,10419.753571428573
1,1,0,1,0,0,0,1,5,6,55,8846.50142857143
1,1,0,1,1,0,0,0,1,6,54,11257.342857142858
1,1,1,0,0,0,0,1,4,6,50,6635.813928571427
1,1,1,0,0,0,1,0,0,3,51,6919.126428571427
1,1,1,0,0,1,0,0,1,0,50,17656.007142857143
1,1,1,0,0,0,1,0,2,0,51,9175.099642857142
1,1,0,1,1,0,0,0,1,0,55,52191.73928571429
1,1,0,1,0,0,1,0,4,6,55,11656.67142857143
1,1,1,0,0,0,1,0,0,4,55,10571.139285714287
1,1,1,0,0,1,0,0,5,0,54,15560.664285714285
1,1,1,0,0,0,0,1,0,2,50,8760.0275
1,1,0,1,0,1,0,0,3,1,53,10877.542857142858
1,1,0,1,0,0,1,0,2,3,52,8113.378571428571
1,1,0,1,0,0,0,1,2,0,52,13157.596428571427
1,1,0,1,0,0,1,0,6,4,55,11735.692857142854
1,1,0,1,0,0,0,1,2,3,53,10992.32857142857
1,1,0,1,0,1,0,0,1,3,54,11357.057142857144
1,1,0,1,1,0,0,0,6,6,54,11203.857142857143
1,1,0,1,0,0,1,0,5,0,50,9735.639642857144
1,1,1,0,0,0,0,1,1,4,51,9076.50642857143
1,1,0,1,0,0,1,0,6,0,51,7627.106785714284
1,1,1,0,0,0,1,0,4,4,52,7320.775
1,1,1,0,0,0,0,1,6,1,52,9598.019642857142
1,1,0,1,0,0,0,1,6,5,55,8738.50214285714
1,1,1,0,0,0,0,1,0,4,55,10586.739285714288
1,1,0,1,1,0,0,0,1,2,54,11299.885714285714
1,1,0,1,0,0,1,0,3,6,50,9619.914999999997
1,1,1,0,0,0,1,0,1,0,51,13682.725
1,1,0,1,1,0,0,0,6,1,50,9668.301071428574
1,1,1,0,0,0,1,0,3,4,51,9256.266428571427
1,1,1,0,0,1,0,0,1,5,51,9233.527142857143
1,1,0,1,0,1,0,0,2,2,50,9607.201785714287
1,1,1,0,0,0,0,1,4,1,52,9612.324999999999
1,1,1,0,0,1,0,0,5,4,50,6707.409642857143
1,1,1,0,0,0,1,0,0,3,52,8849.413571428571
1,1,1,0,0,1,0,0,3,5,51,9321.800714285715
1,1,0,1,0,1,0,0,4,4,55,11633.689285714285
1,1,1,0,1,0,0,0,3,4,50,8878.756428571429
1,1,1,0,0,0,1,0,4,6,53,9829.940357142857
1,1,0,1,0,0,1,0,1,6,54,11205.289285714283
1,1,0,1,0,0,1,0,5,0,55,14644.30357142857
1,1,1,0,0,0,0,1,1,4,54,10459.246428571427
1,1,0,1,1,0,0,0,4,3,52,10547.389285714284
1,1,1,0,1,0,0,0,3,1,55,13214.514285714287
1,1,0,1,0,0,0,1,1,1,53,13434.271428571426
1,1,0,1,0,0,0,1,4,3,53,10786.342857142856
1,1,1,0,0,1,0,0,5,2,50,8812.81142857143
1,1,1,0,0,1,0,0,1,5,55,10694.478571428572
1,1,0,1,0,1,0,0,0,6,54,11299.1
1,1,0,1,1,0,0,0,2,1,50,12004.607142857143
1,1,1,0,1,0,0,0,5,5,53,9982.607857142857
1,1,1,0,1,0,0,0,2,0,50,13195.071428571426
1,1,0,1,0,0,0,1,1,1,51,12465.532142857144
1,1,1,0,1,0,0,0,2,4,50,8750.880357142856
1,1,1,0,0,0,1,0,0,3,50,4545.783214285715
1,1,0,1,0,1,0,0,0,3,53,10975.364285714282
1,1,0,1,0,0,1,0,3,6,54,11256.628571428573
1,1,1,0,1,0,0,0,6,5,55,10559.589285714284
1,1,0,1,1,0,0,0,0,3,54,11226.417857142858
1,1,0,1,1,0,0,0,4,5,55,11708.535714285716
1,1,0,1,1,0,0,0,3,3,51,10045.927857142859
1,1,0,1,1,0,0,0,1,4,54,11243.825
1,1,1,0,1,0,0,0,2,6,55,10563.371428571427
1,1,0,1,1,0,0,0,5,6,53,10786.885714285716
1,1,1,0,0,1,0,0,0,6,52,9600.470714285713
1,1,0,1,0,0,0,1,4,4,50,7236.550357142856
1,1,0,1,1,0,0,0,5,6,52,7822.937857142855
1,1,1,0,0,1,0,0,4,6,55,10757.121428571427
1,1,1,0,1,0,0,0,2,1,50,10929.52142857143
1,1,1,0,0,0,0,1,3,2,55,10640.228571428572
1,1,1,0,0,1,0,0,1,6,55,10730.371428571429
1,1,0,1,1,0,0,0,0,4,51,10047.115
1,1,1,0,0,1,0,0,6,4,54,10343.992857142855
1,1,0,1,0,0,1,0,1,2,52,10423.55
1,1,1,0,0,0,1,0,5,2,50,8923.649642857143
1,1,1,0,0,0,0,1,5,5,55,8079.199285714288
1,1,1,0,1,0,0,0,1,2,55,10611.72142857143
1,1,1,0,0,0,1,0,6,1,50,6751.392857142855
1,1,1,0,0,0,1,0,2,5,55,10752.796428571428
1,1,0,1,0,0,0,1,1,6,52,7874.146785714284
1,1,1,0,0,0,0,1,5,4,55,7988.225357142857
1,1,1,0,0,1,0,0,0,2,51,9132.968571428572
1,1,1,0,0,1,0,0,5,4,55,10671.767857142857
1,1,1,0,0,0,0,1,3,1,50,8796.412500000002
1,1,0,1,0,0,0,1,2,2,52,10471.000000000002
1,1,0,1,0,1,0,0,1,1,55,14474.532142857144
1,1,1,0,0,0,1,0,2,4,51,9181.253571428571
1,1,1,0,1,0,0,0,3,5,55,10583.539285714285
1,1,1,0,1,0,0,0,1,0,55,58091.446428571435
1,1,0,1,1,0,0,0,2,2,50,9596.149642857143
1,1,0,1,1,0,0,0,1,2,51,10247.731428571427
1,1,1,0,0,1,0,0,5,3,54,10320.4
1,1,1,0,0,0,1,0,2,4,53,9970.21035714286
1,1,0,1,0,0,1,0,1,1,52,13174.08928571429
1,1,1,0,0,1,0,0,3,0,53,12336.378571428573
1,1,1,0,0,1,0,0,1,3,54,10364.757142857141
1,1,0,1,0,0,0,1,5,0,52,13307.132142857145
1,1,0,1,1,0,0,0,2,3,53,10919.32142857143
1,1,0,1,0,1,0,0,3,3,52,10402.342857142858
1,1,1,0,1,0,0,0,2,2,52,9848.327142857142
1,1,0,1,1,0,0,0,1,2,52,10498.699999999999
1,1,0,1,0,0,1,0,6,5,54,11264.714285714284
1,1,1,0,0,0,1,0,3,2,54,10211.053571428574
1,1,1,0,1,0,0,0,4,3,55,10632.307142857142
1,1,0,1,0,0,1,0,4,5,51,7603.957500000001
1,1,0,1,0,1,0,0,1,0,51,20116.153571428575
1,1,0,1,0,0,0,1,6,5,53,8155.86857142857
1,1,0,1,0,0,0,1,0,1,52,21155.97857142857
1,1,0,1,0,0,1,0,5,4,54,11219.035714285716
1,1,0,1,1,0,0,0,2,2,55,11570.85
1,1,0,1,1,0,0,0,1,3,55,11674.528571428571
1,1,0,1,1,0,0,0,6,5,51,7508.27142857143
1,1,1,0,0,1,0,0,3,6,52,7346.12357142857
1,1,1,0,0,0,0,1,2,3,52,9680.236071428571
1,1,0,1,0,0,0,1,5,0,54,14031.846428571429
1,1,0,1,0,0,0,1,2,0,50,12156.217857142856
1,1,1,0,0,1,0,0,3,2,51,9144.373214285715
1,1,0,1,0,0,0,1,5,2,50,9600.464285714284
1,1,1,0,0,0,0,1,1,4,53,10094.2975
1,1,0,1,0,0,1,0,2,6,51,10148.931428571426
1,1,1,0,1,0,0,0,4,2,55,10547.310714285713
1,1,1,0,0,1,0,0,1,4,50,8971.338214285714
1,1,1,0,0,0,1,0,2,1,55,13218.496428571429
1,1,1,0,0,0,0,1,3,5,53,7765.744285714286
1,1,0,1,0,0,0,1,3,2,52,10482.19285714286
1,1,1,0,1,0,0,0,2,5,53,9864.55392857143
1,1,0,1,1,0,0,0,6,4,50,7382.656785714287
1,1,1,0,1,0,0,0,6,5,53,9954.515000000003
1,1,0,1,1,0,0,0,4,3,55,11671.460714285713
1,1,0,1,0,1,0,0,5,4,55,11702.503571428573
1,1,1,0,0,0,0,1,5,6,51,6915.614285714286
1,1,1,0,0,1,0,0,4,1,54,10264.4
1,1,1,0,1,0,0,0,1,1,51,11472.703571428572
1,1,0,1,0,0,1,0,5,2,53,10883.482142857145
1,1,1,0,0,0,0,1,1,6,53,7714.516071428572
1,1,0,1,1,0,0,0,4,5,51,7526.447142857141
1,1,1,0,0,1,0,0,2,4,53,9898.455714285712
1,1,1,0,0,0,0,1,1,6,54,8059.267142857146
1,1,1,0,1,0,0,0,3,6,50,6823.233928571429
1,1,1,0,1,0,0,0,4,0,51,13616.660714285716
1,1,0,1,1,0,0,0,1,2,50,9704.628928571427
1,1,1,0,0,0,0,1,3,0,52,12008.782142857142
1,1,1,0,0,0,1,0,3,3,53,9846.766071428572
1,1,0,1,0,1,0,0,4,3,54,11248.639285714284
1,1,1,0,1,0,0,0,6,3,52,9965.593928571428
1,1,1,0,0,1,0,0,0,5,55,10745.728571428568
1,1,0,1,0,0,1,0,2,0,55,14555.56071428571
1,1,1,0,0,0,0,1,4,4,52,7641.917857142858
1,1,0,1,0,0,1,0,6,6,52,10491.328571428572
1,1,0,1,0,0,0,1,3,5,55,8961.708571428573
1,1,1,0,0,0,0,1,4,5,52,7198.210714285715
1,1,1,0,0,0,0,1,3,0,50,10976.742857142857
1,1,1,0,0,0,1,0,1,4,50,6793.590357142858
1,1,0,1,0,1,0,0,3,3,51,10028.376071428573
1,1,1,0,0,0,1,0,2,6,52,7220.901785714285
1,1,0,1,0,0,0,1,4,3,54,11384.546428571426
1,1,1,0,1,0,0,0,4,0,50,13292.521428571428
1,1,0,1,0,1,0,0,0,5,52,10446.603571428574
1,1,0,1,1,0,0,0,3,1,51,12524.907142857146
1,1,0,1,0,0,1,0,5,1,55,14664.167857142858
1,1,0,1,0,0,1,0,4,1,54,14143.364285714286
1,1,1,0,0,0,0,1,6,0,51,9229.037857142857
1,1,1,0,0,0,1,0,2,3,52,9597.754642857146
1,1,0,1,0,0,1,0,2,6,52,10434.867857142857
1,1,0,1,0,0,1,0,4,5,52,7915.478571428573
1,1,0,1,0,0,0,1,3,5,50,7257.724642857141
1,1,1,0,0,1,0,0,5,3,52,9552.986785714287
1,1,1,0,0,0,0,1,4,1,51,9336.511071428571
1,1,1,0,1,0,0,0,4,5,50,6831.700357142857
1,1,0,1,0,1,0,0,1,3,55,11630.217857142856
1,1,0,1,0,1,0,0,6,0,50,12044.20357142857
1,1,0,1,1,0,0,0,1,6,50,7337.192142857143
1,1,1,0,0,0,0,1,1,3,52,9597.340714285716
1,1,0,1,0,0,0,1,6,6,53,8223.383928571431
1,1,0,1,0,1,0,0,2,3,53,10847.807142857144
1,1,1,0,0,0,1,0,5,3,50,8805.536785714285
1,1,0,1,1,0,0,0,5,5,52,7817.7825
1,1,1,0,0,0,0,1,2,6,55,7909.3150000000005
1,1,0,1,1,0,0,0,2,4,55,11592.96428571428
1,1,0,1,1,0,0,0,1,6,55,11582.957142857147
1,1,1,0,0,0,0,1,3,4,51,6900.5525
1,1,0,1,0,1,0,0,0,4,54,11326.846428571429
1,1,1,0,1,0,0,0,6,5,51,7019.149285714283
1,1,0,1,0,0,1,0,2,5,55,11590.928571428574
1,1,1,0,0,1,0,0,5,3,51,9179.054642857143
1,1,1,0,0,0,0,1,2,6,50,6567.896428571427
1,1,1,0,1,0,0,0,1,0,52,40790.807142857135
1,1,0,1,0,1,0,0,6,1,52,10503.024999999998
1,1,1,0,0,1,0,0,1,1,53,12590.632142857143
1,1,1,0,0,1,0,0,2,3,55,10883.814285714285
1,1,0,1,0,0,1,0,5,1,52,10425.499999999998
1,1,1,0,0,1,0,0,5,0,51,11562.32142857143
1,1,0,1,0,0,1,0,2,4,54,11240.067857142858
1,1,1,0,0,0,1,0,5,3,55,10642.360714285713
1,1,0,1,0,0,1,0,2,4,50,7304.731785714285
1,1,1,0,0,1,0,0,4,1,55,10657.685714285717
1,1,1,0,0,1,0,0,5,5,53,9907.31642857143
1,1,1,0,1,0,0,0,4,2,54,10470.91785714286
1,1,1,0,0,1,0,0,0,1,51,18348.803571428572
1,1,0,1,0,0,1,0,5,6,53,10859.628571428573
1,1,0,1,1,0,0,0,3,5,51,10037.49892857143
1,1,0,1,0,0,0,1,6,0,53,13651.43214285714
1,1,0,1,0,0,1,0,4,2,51,7941.311785714284
1,1,1,0,0,0,0,1,1,4,55,10643.34642857143
1,1,0,1,0,1,0,0,3,0,51,12560.392857142859
1,1,1,0,0,0,1,0,0,5,53,9893.64892857143
1,1,1,0,1,0,0,0,5,2,52,9645.619642857142
1,1,0,1,1,0,0,0,6,2,53,10825.125
1,1,0,1,1,0,0,0,6,2,51,9973.781785714285
1,1,1,0,0,1,0,0,1,5,50,6694.724642857143
1,1,1,0,0,0,0,1,6,4,51,6929.080357142856
1,1,0,1,0,0,1,0,2,4,52,10544.564285714287
1,1,0,1,0,0,1,0,4,1,50,12126.278571428571
1,1,0,1,1,0,0,0,3,5,54,11312.335714285713
1,1,1,0,0,0,0,1,5,2,51,9161.818214285715
1,1,0,1,1,0,0,0,5,0,51,14988.517857142859
1,1,1,0,0,0,0,1,0,3,54,10184.953571428572
1,1,1,0,0,0,1,0,6,5,55,10702.332142857142
1,1,0,1,0,1,0,0,5,3,54,11254.403571428571
1,1,0,1,0,0,1,0,2,2,51,7577.312500000001
1,1,0,1,1,0,0,0,3,5,53,10784.717857142854
1,1,0,1,0,1,0,0,2,0,53,13505.30357142857
1,1,1,0,0,0,1,0,2,6,54,10192.353571428574
1,1,1,0,1,0,0,0,1,1,54,13082.996428571429
1,1,1,0,0,0,0,1,2,4,53,10200.976785714285
1,1,0,1,0,0,0,1,4,5,53,8172.819642857141
1,1,0,1,1,0,0,0,0,5,54,11227.214285714288
1,1,0,1,0,0,1,0,5,4,55,11594.725
1,1,1,0,0,0,1,0,6,0,54,12778.475
1,1,0,1,1,0,0,0,6,2,54,11237.635714285716
1,1,1,0,0,0,1,0,3,3,52,7479.233571428573
1,1,1,0,0,1,0,0,1,1,54,13006.175000000001
1,1,1,0,0,0,0,1,0,3,50,8862.484285714287
1,1,1,0,1,0,0,0,2,3,52,9686.242499999997
1,1,0,1,1,0,0,0,5,5,51,7498.959642857145
1,1,1,0,0,0,1,0,1,2,54,10203.989285714286
1,1,1,0,1,0,0,0,2,5,55,10630.532142857144
1,1,0,1,0,0,0,1,3,5,51,7463.990714285713
1,1,1,0,1,0,0,0,2,0,52,17041.360714285718
1,1,0,1,0,0,0,1,0,1,53,21707.628571428566
1,1,1,0,0,1,0,0,2,4,54,10351.814285714285
1,1,0,1,0,0,1,0,1,1,55,14515.2
1,1,0,1,0,0,1,0,6,3,55,11673.532142857144
1,1,1,0,1,0,0,0,2,5,51,9084.885357142857
1,1,1,0,0,0,1,0,0,4,54,10293.439285714285
1,1,1,0,1,0,0,0,4,4,52,9814.731071428572
1,1,1,0,0,0,0,1,1,1,52,12343.796428571428
1,1,1,0,0,1,0,0,6,6,50,6741.750714285715
1,1,1,0,0,1,0,0,2,3,54,10284.514285714287
1,1,1,0,0,0,0,1,2,1,52,9844.833571428568
1,1,0,1,0,0,0,1,6,2,53,10810.489285714286
1,1,0,1,0,0,1,0,6,0,54,14171.435714285713
1,1,0,1,0,1,0,0,1,5,51,10051.181428571424
1,1,0,1,0,1,0,0,4,0,52,13023.089285714286
1,1,0,1,0,0,1,0,1,2,50,7395.0549999999985
1,1,0,1,0,0,1,0,6,6,50,9718.527857142853
1,1,1,0,0,0,1,0,3,3,55,10622.796428571432
1,1,1,0,0,0,1,0,5,6,55,10813.642857142859
1,1,0,1,1,0,0,0,2,0,54,19801.985714285718
1,1,0,1,0,0,0,1,5,5,51,7491.547142857143
1,1,1,0,0,1,0,0,6,2,51,9232.934999999998
1,1,1,0,0,0,0,1,2,3,54,10399.860714285713
1,1,1,0,0,0,1,0,2,6,51,9158.232142857141
1,1,0,1,0,0,1,0,2,2,52,10417.967857142856
1,1,0,1,0,0,0,1,4,0,54,14204.975
1,1,1,0,0,0,1,0,4,5,55,10613.017857142859
1,1,0,1,0,0,0,1,3,2,55,11663.282142857142
1,1,1,0,0,1,0,0,6,3,51,9405.4475
1,1,0,1,0,1,0,0,3,3,50,9634.402142857141
1,1,0,1,0,0,1,0,5,1,51,7614.9732142857165
1,1,1,0,0,0,0,1,5,4,53,7530.777857142857
1,1,1,0,1,0,0,0,6,4,51,6828.976428571431
1,1,1,0,1,0,0,0,6,6,55,10742.746428571429
1,1,1,0,1,0,0,0,0,6,51,6888.656428571429
1,1,1,0,0,1,0,0,4,0,53,14909.835714285715
1,1,0,1,1,0,0,0,3,0,54,16923.76785714286
1,1,0,1,0,0,0,1,0,4,50,9903.421428571428
1,1,0,1,0,1,0,0,2,2,51,10095.385357142854
1,1,0,1,0,1,0,0,0,1,51,20062.489285714288
1,1,0,1,1,0,0,0,1,5,50,7279.720714285714
1,1,1,0,0,0,0,1,3,1,54,10237.560714285715
1,1,0,1,1,0,0,0,1,1,53,13661.478571428577
1,1,1,0,0,0,1,0,5,0,53,12302.025000000003
1,1,1,0,0,1,0,0,2,2,54,10335.92857142857
1,1,1,0,0,1,0,0,2,5,52,9728.432142857144
1,1,0,1,0,1,0,0,4,3,55,11613.785714285716
1,1,0,1,0,1,0,0,2,4,53,10851.35357142857
1,1,0,1,1,0,0,0,5,3,51,10247.776785714286
1,1,0,1,1,0,0,0,3,0,52,15637.196428571431
1,1,0,1,0,0,0,1,2,1,50,9671.256428571427
1,1,0,1,0,1,0,0,3,6,53,10919.471428571429
1,1,0,1,1,0,0,0,1,5,55,11864.846428571427
1,1,0,1,0,1,0,0,5,0,51,12620.764285714284
1,1,1,0,0,1,0,0,5,2,52,9601.193928571429
1,1,1,0,0,0,0,1,3,6,52,7210.392500000002
1,1,1,0,0,0,1,0,6,1,54,10275.05
1,1,0,1,0,0,0,1,4,2,51,10092.467857142858
1,1,0,1,0,0,1,0,5,6,51,7571.19392857143
1,1,1,0,0,0,1,0,0,6,55,10611.18928571429
1,1,1,0,0,0,0,1,6,4,54,7773.252500000001
1,1,0,1,0,0,1,0,2,6,53,10878.735714285713
1,1,1,0,0,0,0,1,1,1,54,12796.30357142857
1,1,0,1,0,0,0,1,5,3,52,7818.290714285715
1,1,0,1,0,0,1,0,2,5,53,10895.842857142863
1,1,0,1,1,0,0,0,4,3,50,9865.91607142857
1,1,1,0,0,0,1,0,6,6,50,8814.783214285713
1,1,0,1,0,0,0,1,3,0,53,13464.814285714285
1,1,1,0,0,0,1,0,6,2,50,8825.101071428571
1,1,0,1,1,0,0,0,5,5,54,11316.253571428571
1,1,1,0,0,0,1,0,1,4,51,9074.508571428572
1,1,0,1,0,0,0,1,2,0,53,13752.064285714285
1,1,1,0,1,0,0,0,1,6,52,7454.380357142857
1,1,0,1,0,0,1,0,1,1,53,13501.742857142855
1,1,0,1,1,0,0,0,5,0,55,17394.660714285717
1,1,1,0,0,1,0,0,6,1,50,8831.90142857143
1,1,0,1,0,1,0,0,6,6,52,7955.101785714286
1,1,0,1,1,0,0,0,6,1,55,14540.735714285716
1,1,1,0,0,1,0,0,5,5,54,7707.102142857141
1,1,0,1,0,1,0,0,4,6,50,7299.777142857142
1,1,0,1,1,0,0,0,4,6,50,7341.040714285714
1,1,1,0,0,1,0,0,2,0,53,12342.117857142857
1,1,0,1,1,0,0,0,2,6,52,7815.861785714284
1,1,1,0,0,1,0,0,4,2,51,9246.806428571428
1,1,1,0,1,0,0,0,2,6,50,6595.388214285713
1,1,1,0,1,0,0,0,3,3,53,9969.368214285714
1,1,1,0,0,1,0,0,1,0,53,19767.12142857143
1,1,1,0,0,0,0,1,4,4,55,7905.217857142857
1,1,1,0,0,0,0,1,6,4,50,6726.610357142857
1,1,0,1,1,0,0,0,3,1,50,12000.407142857144
1,1,1,0,0,0,1,0,0,2,55,10713.464285714286
1,1,1,0,0,0,1,0,0,2,54,10215.600000000002
1,1,1,0,0,0,0,1,4,3,54,10769.028571428573
1,1,0,1,0,0,1,0,4,4,54,11250.264285714284
1,1,0,1,0,0,1,0,3,2,53,10899.867857142857
1,1,1,0,0,1,0,0,3,6,54,10298.175
1,1,1,0,0,0,0,1,4,5,54,7788.993571428572
1,1,0,1,0,0,1,0,1,0,51,17537.910714285714
1,1,1,0,0,0,0,1,6,2,54,10574.185714285717
1,1,0,1,0,0,1,0,3,5,54,11200.785714285714
1,1,1,0,0,0,1,0,5,5,51,6844.210357142859
1,1,1,0,0,0,1,0,1,3,51,9102.580714285712
1,1,0,1,0,0,1,0,3,4,51,10259.974999999995
1,1,1,0,1,0,0,0,2,6,54,10419.914285714283
1,1,1,0,0,0,0,1,1,3,50,8963.217142857144
1,1,1,0,0,1,0,0,4,4,51,9150.060357142858
1,1,1,0,0,0,0,1,2,6,53,7792.342500000001
1,1,1,0,0,1,0,0,0,5,50,8816.261428571428
1,1,1,0,0,0,1,0,5,0,55,13256.900000000003
1,1,1,0,0,1,0,0,4,5,54,10306.457142857145
1,1,1,0,1,0,0,0,0,2,53,12819.721428571427
1,1,1,0,0,1,0,0,1,5,53,9944.255
1,1,1,0,0,0,0,1,5,2,54,10298.714285714284
1,1,0,1,1,0,0,0,3,3,55,11568.035714285712
1,1,1,0,1,0,0,0,5,0,54,15526.100000000002
1,1,1,0,0,0,1,0,2,3,53,9832.778214285716
1,1,0,1,1,0,0,0,2,2,54,11272.617857142855
1,1,0,1,1,0,0,0,5,2,50,9660.893214285712
