max_depth,min_samples_split,criterion,threshold,training_size,mean,std
5,2,gini,3161.0,0.1,0.5314785729281478,0.045736435875009196
5,2,gini,3267.2,0.1,0.7431252710467826,0.07240702492712266
5,2,gini,5138.5,0.1,1.0,0.0
5,2,gini,5495.0,0.1,0.8129671437293601,0.21845475886654744
5,2,gini,14728.699999999999,0.1,0.7223447371390691,0.2039160753330733
5,2,gini,3161.0,0.2,0.626396910714478,0.12912082250532675
5,2,gini,3267.2,0.2,0.8546214097534641,0.07410501431070701
5,2,gini,5138.5,0.2,1.0,0.0
5,2,gini,5495.0,0.2,0.9155651759191945,0.03749359664682179
5,2,gini,14728.699999999999,0.2,0.6743020061334015,0.13262699582327617
5,2,gini,3161.0,0.5,0.6624436017705297,0.10121400462049807
5,2,gini,3267.2,0.5,0.8212908066549488,0.08037997605555772
5,2,gini,5138.5,0.5,1.0,0.0
5,2,gini,5495.0,0.5,0.9303272217978101,0.04724097435936082
5,2,gini,14728.699999999999,0.5,0.7910313940801745,0.06773163942260493
5,2,gini,3161.0,0.7,0.6135966993998909,0.15627404097537886
5,2,gini,3267.2,0.7,0.717279959992726,0.06702857417160756
5,2,gini,5138.5,0.7,1.0,0.0
5,2,gini,5495.0,0.7,0.953656858092074,0.05454179228528906
5,2,gini,14728.699999999999,0.7,0.9085800865800866,0.04644638756444247
5,2,entropy,3161.0,0.1,0.5340728532792427,0.03914994869044164
5,2,entropy,3267.2,0.1,0.8071494915356443,0.16202192448309366
5,2,entropy,5138.5,0.1,1.0,0.0
5,2,entropy,5495.0,0.1,0.9125423351158645,0.008050814706829603
5,2,entropy,14728.699999999999,0.1,0.6499774156364698,0.15887440271104394
5,2,entropy,3161.0,0.2,0.5855595856991818,0.05186939067012649
5,2,entropy,3267.2,0.2,0.7901037050103099,0.043685793397465374
5,2,entropy,5138.5,0.2,1.0,0.0
5,2,entropy,5495.0,0.2,0.8423105985857386,0.14220049185477676
5,2,entropy,14728.699999999999,0.2,0.843139534883721,0.07754400650491983
5,2,entropy,3161.0,0.5,0.6383111265679513,0.04842867425934644
5,2,entropy,3267.2,0.5,0.8881608808056176,0.03707395214386968
5,2,entropy,5138.5,0.5,1.0,0.0
5,2,entropy,5495.0,0.5,0.9247214546167474,0.040313342246451805
5,2,entropy,14728.699999999999,0.5,0.8799331096485569,0.0807561033148668
5,2,entropy,3161.0,0.7,0.6655426000187309,0.13224597958124418
5,2,entropy,3267.2,0.7,0.8077964030738471,0.053224639014394656
5,2,entropy,5138.5,0.7,1.0,0.0
5,2,entropy,5495.0,0.7,0.9473282814746229,0.07173239784016953
5,2,entropy,14728.699999999999,0.7,0.8293551165146911,0.08537708401222795
5,5,gini,3161.0,0.1,0.5420771707360318,0.08855409435787337
5,5,gini,3267.2,0.1,0.8037149157920471,0.1281973305861018
5,5,gini,5138.5,0.1,1.0,0.0
5,5,gini,5495.0,0.1,0.8684596951376882,0.09343116590108141
5,5,gini,14728.699999999999,0.1,0.6313706563706564,0.15900382003307512
5,5,gini,3161.0,0.2,0.5898577827715961,0.08859954920568172
5,5,gini,3267.2,0.2,0.7185995812185059,0.1289660671650416
5,5,gini,5138.5,0.2,1.0,0.0
5,5,gini,5495.0,0.2,0.8946903471341251,0.049595061122815136
5,5,gini,14728.699999999999,0.2,0.8069603182189725,0.1901826712701391
5,5,gini,3161.0,0.5,0.6149089129780186,0.14129560317628329
5,5,gini,3267.2,0.5,0.812546894159689,0.06519538031474456
5,5,gini,5138.5,0.5,1.0,0.0
5,5,gini,5495.0,0.5,0.9626183597310358,0.02715132052737594
5,5,gini,14728.699999999999,0.5,0.8572905378126261,0.08670730939304527
5,5,gini,3161.0,0.7,0.5850314616412603,0.13541910845688224
5,5,gini,3267.2,0.7,0.86731476028746,0.04704806344764069
5,5,gini,5138.5,0.7,1.0,0.0
5,5,gini,5495.0,0.7,0.9118251370379031,0.0342432291617188
5,5,gini,14728.699999999999,0.7,0.838143547273982,0.08490127132404773
5,5,entropy,3161.0,0.1,0.6272624871866556,0.07409178247203677
5,5,entropy,3267.2,0.1,0.7471675040051505,0.1532793512989285
5,5,entropy,5138.5,0.1,1.0,0.0
5,5,entropy,5495.0,0.1,0.8214350703060381,0.1822370007316398
5,5,entropy,14728.699999999999,0.1,0.6482667549778532,0.21245186075542802
5,5,entropy,3161.0,0.2,0.635343135771479,0.06954110386849076
5,5,entropy,3267.2,0.2,0.7112875518308577,0.0775906589606904
5,5,entropy,5138.5,0.2,1.0,0.0
5,5,entropy,5495.0,0.2,0.9378063952600633,0.02535117822752834
5,5,entropy,14728.699999999999,0.2,0.7970536369641807,0.18600397795772544
5,5,entropy,3161.0,0.5,0.621217473767935,0.07086736429604407
5,5,entropy,3267.2,0.5,0.822422491044852,0.05533737513655537
5,5,entropy,5138.5,0.5,1.0,0.0
5,5,entropy,5495.0,0.5,0.9211541184041184,0.04378868075713828
5,5,entropy,14728.699999999999,0.5,0.8267594747025129,0.10635786167538298
5,5,entropy,3161.0,0.7,0.7717096206731465,0.10150901177123392
5,5,entropy,3267.2,0.7,0.8249857689147191,0.0382350712984847
5,5,entropy,5138.5,0.7,1.0,0.0
5,5,entropy,5495.0,0.7,0.9419562069208176,0.03870825578819013
5,5,entropy,14728.699999999999,0.7,0.8581428571428573,0.06806987331456718
5,10,gini,3161.0,0.1,0.572972972972973,0.1631725280878225
5,10,gini,3267.2,0.1,0.7339435353286621,0.13218029339113935
5,10,gini,5138.5,0.1,1.0,0.0
5,10,gini,5495.0,0.1,0.5649593696133957,0.145253566231087
5,10,gini,14728.699999999999,0.1,0.5,0.0
5,10,gini,3161.0,0.2,0.6608069992965642,0.17845878754704847
5,10,gini,3267.2,0.2,0.7920100545398355,0.049436038510454985
5,10,gini,5138.5,0.2,1.0,0.0
5,10,gini,5495.0,0.2,0.881446584124092,0.056357413548796746
5,10,gini,14728.699999999999,0.2,0.7763233331553941,0.25226899940729025
5,10,gini,3161.0,0.5,0.6439613856121349,0.09435204202256792
5,10,gini,3267.2,0.5,0.782746634960783,0.04852187957425229
5,10,gini,5138.5,0.5,1.0,0.0
5,10,gini,5495.0,0.5,0.9476122289291304,0.045470774072135164
5,10,gini,14728.699999999999,0.5,0.8480158730158731,0.0405558661808997
5,10,gini,3161.0,0.7,0.6238431372549019,0.1109841681613566
5,10,gini,3267.2,0.7,0.8015642704672027,0.08357974504652797
5,10,gini,5138.5,0.7,1.0,0.0
5,10,gini,5495.0,0.7,0.9579867253455294,0.0700589664528139
5,10,gini,14728.699999999999,0.7,0.8673550189306493,0.11002348383007077
5,10,entropy,3161.0,0.1,0.5,0.0
5,10,entropy,3267.2,0.1,0.7279704197963762,0.17981237373884015
5,10,entropy,5138.5,0.1,1.0,0.0
5,10,entropy,5495.0,0.1,0.6810948018075287,0.16534553700908447
5,10,entropy,14728.699999999999,0.1,0.5,0.0
5,10,entropy,3161.0,0.2,0.6138332088148489,0.16397771179728077
5,10,entropy,3267.2,0.2,0.7139961584935266,0.0639452836890863
5,10,entropy,5138.5,0.2,1.0,0.0
5,10,entropy,5495.0,0.2,0.8853842559239862,0.051513296637908414
5,10,entropy,14728.699999999999,0.2,0.8154740608228981,0.20999554347011834
5,10,entropy,3161.0,0.5,0.6209401908469341,0.07461487270407462
5,10,entropy,3267.2,0.5,0.7586521310459929,0.0770991421056202
5,10,entropy,5138.5,0.5,1.0,0.0
5,10,entropy,5495.0,0.5,0.9454379365437475,0.02782200023927714
5,10,entropy,14728.699999999999,0.5,0.8469549150036955,0.08931342269203799
5,10,entropy,3161.0,0.7,0.6037853602979654,0.2114368053270071
5,10,entropy,3267.2,0.7,0.7662787793601747,0.06777469889303187
5,10,entropy,5138.5,0.7,1.0,0.0
5,10,entropy,5495.0,0.7,0.9541522198731501,0.05907308274378893
5,10,entropy,14728.699999999999,0.7,0.8447935342496941,0.1435752424662209
5,20,gini,3161.0,0.1,0.5,0.0
5,20,gini,3267.2,0.1,0.5,0.0
5,20,gini,5138.5,0.1,0.5,0.0
5,20,gini,5495.0,0.1,0.5,0.0
5,20,gini,14728.699999999999,0.1,0.5,0.0
5,20,gini,3161.0,0.2,0.5,0.0
5,20,gini,3267.2,0.2,0.5594827586206896,0.1330074917650737
5,20,gini,5138.5,0.2,1.0,0.0
5,20,gini,5495.0,0.2,0.6195967187346498,0.16376835292744735
5,20,gini,14728.699999999999,0.2,0.5,0.0
5,20,gini,3161.0,0.5,0.5826893964151856,0.10126571614361699
5,20,gini,3267.2,0.5,0.7349596651351152,0.03452534609780225
5,20,gini,5138.5,0.5,1.0,0.0
5,20,gini,5495.0,0.5,0.9380065359477123,0.05089332895918001
5,20,gini,14728.699999999999,0.5,0.9569170902217724,0.009508322941157691
5,20,gini,3161.0,0.7,0.5397179487179488,0.04892839163735385
5,20,gini,3267.2,0.7,0.7726531981038874,0.0880351416198817
5,20,gini,5138.5,0.7,1.0,0.0
5,20,gini,5495.0,0.7,0.9307655038759689,0.030469298315441155
5,20,gini,14728.699999999999,0.7,0.85,0.02282177322938196
5,20,entropy,3161.0,0.1,0.5,0.0
5,20,entropy,3267.2,0.1,0.5,0.0
5,20,entropy,5138.5,0.1,0.5,0.0
5,20,entropy,5495.0,0.1,0.5,0.0
5,20,entropy,14728.699999999999,0.1,0.5,0.0
5,20,entropy,3161.0,0.2,0.5,0.0
5,20,entropy,3267.2,0.2,0.6422658183853022,0.15402952938930212
5,20,entropy,5138.5,0.2,1.0,0.0
5,20,entropy,5495.0,0.2,0.6168599460953283,0.16027876690226656
5,20,entropy,14728.699999999999,0.2,0.5,0.0
5,20,entropy,3161.0,0.5,0.5382716049382716,0.08557791024999194
5,20,entropy,3267.2,0.5,0.8070468063548855,0.03952001103344893
5,20,entropy,5138.5,0.5,1.0,0.0
5,20,entropy,5495.0,0.5,0.9124053724053723,0.04155028314632262
5,20,entropy,14728.699999999999,0.5,0.7740197591849336,0.2501942579073573
5,20,entropy,3161.0,0.7,0.5627261904761905,0.10162498099895785
5,20,entropy,3267.2,0.7,0.8279858873267754,0.08666495491439767
5,20,entropy,5138.5,0.7,1.0,0.0
5,20,entropy,5495.0,0.7,0.8875854700854701,0.05343474121217951
5,20,entropy,14728.699999999999,0.7,0.916,0.05212964607591346
5,50,gini,3161.0,0.1,0.5,0.0
5,50,gini,3267.2,0.1,0.5,0.0
5,50,gini,5138.5,0.1,0.5,0.0
5,50,gini,5495.0,0.1,0.5,0.0
5,50,gini,14728.699999999999,0.1,0.5,0.0
5,50,gini,3161.0,0.2,0.5,0.0
5,50,gini,3267.2,0.2,0.5,0.0
5,50,gini,5138.5,0.2,0.5,0.0
5,50,gini,5495.0,0.2,0.5,0.0
5,50,gini,14728.699999999999,0.2,0.5,0.0
5,50,gini,3161.0,0.5,0.5,0.0
5,50,gini,3267.2,0.5,0.5,0.0
5,50,gini,5138.5,0.5,1.0,0.0
5,50,gini,5495.0,0.5,0.6903174858984691,0.17435742869127105
5,50,gini,14728.699999999999,0.5,0.5,0.0
5,50,gini,3161.0,0.7,0.524,0.05366563145999494
5,50,gini,3267.2,0.7,0.8966130823976701,0.03780738060195639
5,50,gini,5138.5,0.7,1.0,0.0
5,50,gini,5495.0,0.7,0.7360386473429952,0.22909443178701458
5,50,gini,14728.699999999999,0.7,0.5,0.0
5,50,entropy,3161.0,0.1,0.5,0.0
5,50,entropy,3267.2,0.1,0.5,0.0
5,50,entropy,5138.5,0.1,0.5,0.0
5,50,entropy,5495.0,0.1,0.5,0.0
5,50,entropy,14728.699999999999,0.1,0.5,0.0
5,50,entropy,3161.0,0.2,0.5,0.0
5,50,entropy,3267.2,0.2,0.5,0.0
5,50,entropy,5138.5,0.2,0.5,0.0
5,50,entropy,5495.0,0.2,0.5,0.0
5,50,entropy,14728.699999999999,0.2,0.5,0.0
5,50,entropy,3161.0,0.5,0.5,0.0
5,50,entropy,3267.2,0.5,0.5,0.0
5,50,entropy,5138.5,0.5,1.0,0.0
5,50,entropy,5495.0,0.5,0.5547297297297298,0.1223793960658669
5,50,entropy,14728.699999999999,0.5,0.5,0.0
5,50,entropy,3161.0,0.7,0.5,0.0
5,50,entropy,3267.2,0.7,0.9237274413366302,0.03098740279591223
5,50,entropy,5138.5,0.7,1.0,0.0
5,50,entropy,5495.0,0.7,0.8985857818304627,0.08332314988691929
5,50,entropy,14728.699999999999,0.7,0.5,0.0
5,100,gini,3161.0,0.1,0.5,0.0
5,100,gini,3267.2,0.1,0.5,0.0
5,100,gini,5138.5,0.1,0.5,0.0
5,100,gini,5495.0,0.1,0.5,0.0
5,100,gini,14728.699999999999,0.1,0.5,0.0
5,100,gini,3161.0,0.2,0.5,0.0
5,100,gini,3267.2,0.2,0.5,0.0
5,100,gini,5138.5,0.2,0.5,0.0
5,100,gini,5495.0,0.2,0.5,0.0
5,100,gini,14728.699999999999,0.2,0.5,0.0
5,100,gini,3161.0,0.5,0.5,0.0
5,100,gini,3267.2,0.5,0.5,0.0
5,100,gini,5138.5,0.5,0.5,0.0
5,100,gini,5495.0,0.5,0.5,0.0
5,100,gini,14728.699999999999,0.5,0.5,0.0
5,100,gini,3161.0,0.7,0.5,0.0
5,100,gini,3267.2,0.7,0.5,0.0
5,100,gini,5138.5,0.7,1.0,0.0
5,100,gini,5495.0,0.7,0.574468085106383,0.16651570045211203
5,100,gini,14728.699999999999,0.7,0.5,0.0
5,100,entropy,3161.0,0.1,0.5,0.0
5,100,entropy,3267.2,0.1,0.5,0.0
5,100,entropy,5138.5,0.1,0.5,0.0
5,100,entropy,5495.0,0.1,0.5,0.0
5,100,entropy,14728.699999999999,0.1,0.5,0.0
5,100,entropy,3161.0,0.2,0.5,0.0
5,100,entropy,3267.2,0.2,0.5,0.0
5,100,entropy,5138.5,0.2,0.5,0.0
5,100,entropy,5495.0,0.2,0.5,0.0
5,100,entropy,14728.699999999999,0.2,0.5,0.0
5,100,entropy,3161.0,0.5,0.5,0.0
5,100,entropy,3267.2,0.5,0.5,0.0
5,100,entropy,5138.5,0.5,0.5,0.0
5,100,entropy,5495.0,0.5,0.5,0.0
5,100,entropy,14728.699999999999,0.5,0.5,0.0
5,100,entropy,3161.0,0.7,0.5,0.0
5,100,entropy,3267.2,0.7,0.5,0.0
5,100,entropy,5138.5,0.7,1.0,0.0
5,100,entropy,5495.0,0.7,0.5,0.0
5,100,entropy,14728.699999999999,0.7,0.5,0.0
8,2,gini,3161.0,0.1,0.5958228606758018,0.12962097341289458
8,2,gini,3267.2,0.1,0.7196788595719944,0.10923167360642612
8,2,gini,5138.5,0.1,1.0,0.0
8,2,gini,5495.0,0.1,0.8739631812165802,0.06805055798975375
8,2,gini,14728.699999999999,0.1,0.7953491077711325,0.1291475379094413
8,2,gini,3161.0,0.2,0.6929906055669137,0.08752311079467898
8,2,gini,3267.2,0.2,0.6857237164063457,0.07110830087429364
8,2,gini,5138.5,0.2,1.0,0.0
8,2,gini,5495.0,0.2,0.9159384267768823,0.017667914062520506
8,2,gini,14728.699999999999,0.2,0.8483958541015172,0.07480107480806696
8,2,gini,3161.0,0.5,0.7449298776451289,0.08941811758955974
8,2,gini,3267.2,0.5,0.7919248381071954,0.1200565605866494
8,2,gini,5138.5,0.5,1.0,0.0
8,2,gini,5495.0,0.5,0.9336395138162473,0.03933548185599544
8,2,gini,14728.699999999999,0.5,0.8746912912975946,0.05964998430090326
8,2,gini,3161.0,0.7,0.6060699642175711,0.07805307717514023
8,2,gini,3267.2,0.7,0.8164210466536048,0.049128254707897105
8,2,gini,5138.5,0.7,1.0,0.0
8,2,gini,5495.0,0.7,0.9320958298780344,0.04362098104489986
8,2,gini,14728.699999999999,0.7,0.9708672298706716,0.03079041285137147
8,2,entropy,3161.0,0.1,0.5656090827135453,0.1061338965179527
8,2,entropy,3267.2,0.1,0.7291296687808315,0.11432365022551329
8,2,entropy,5138.5,0.1,1.0,0.0
8,2,entropy,5495.0,0.1,0.8119220431094838,0.12072339651321626
8,2,entropy,14728.699999999999,0.1,0.6959090216152592,0.1348580532994093
8,2,entropy,3161.0,0.2,0.6252999013399064,0.09091793412132043
8,2,entropy,3267.2,0.2,0.7894932027210301,0.06354284372057806
8,2,entropy,5138.5,0.2,1.0,0.0
8,2,entropy,5495.0,0.2,0.893441408161727,0.011964849106063807
8,2,entropy,14728.699999999999,0.2,0.6974399038461538,0.13815981341662076
8,2,entropy,3161.0,0.5,0.6219890449057115,0.03961638189029211
8,2,entropy,3267.2,0.5,0.7980528897192878,0.07739617696631373
8,2,entropy,5138.5,0.5,1.0,0.0
8,2,entropy,5495.0,0.5,0.9307878787878788,0.019996957987203006
8,2,entropy,14728.699999999999,0.5,0.9005207134637516,0.07503246011396086
8,2,entropy,3161.0,0.7,0.6186023024594453,0.06400938561535297
8,2,entropy,3267.2,0.7,0.7560813391753735,0.026920713453058787
8,2,entropy,5138.5,0.7,1.0,0.0
8,2,entropy,5495.0,0.7,0.9134424826942521,0.0639285420207799
8,2,entropy,14728.699999999999,0.7,0.9204578754578755,0.05079532767063015
8,5,gini,3161.0,0.1,0.586600643406473,0.1107780067664717
8,5,gini,3267.2,0.1,0.6142271695230412,0.12327277368387694
8,5,gini,5138.5,0.1,1.0,0.0
8,5,gini,5495.0,0.1,0.7778826432718775,0.17231861438122603
8,5,gini,14728.699999999999,0.1,0.5925170068027211,0.20687431628569486
8,5,gini,3161.0,0.2,0.6068514349523,0.06578726719593585
8,5,gini,3267.2,0.2,0.716825845217427,0.052652157407877195
8,5,gini,5138.5,0.2,1.0,0.0
8,5,gini,5495.0,0.2,0.9133908045977013,0.012618910069728623
8,5,gini,14728.699999999999,0.2,0.7961794345071461,0.18013084674440494
8,5,gini,3161.0,0.5,0.6102500242306836,0.03101472436241483
8,5,gini,3267.2,0.5,0.7798533078137971,0.05000717564457172
8,5,gini,5138.5,0.5,1.0,0.0
8,5,gini,5495.0,0.5,0.9267777905682821,0.02933746181290412
8,5,gini,14728.699999999999,0.5,0.9057512672302803,0.11024720593015162
8,5,gini,3161.0,0.7,0.6485592082987041,0.17408073222006248
8,5,gini,3267.2,0.7,0.8112371722092664,0.09350973853749345
8,5,gini,5138.5,0.7,1.0,0.0
8,5,gini,5495.0,0.7,0.9339010989010988,0.02826411461966926
8,5,gini,14728.699999999999,0.7,0.9135000000000002,0.0966889342168999
8,5,entropy,3161.0,0.1,0.6223960330471348,0.10423376339651387
8,5,entropy,3267.2,0.1,0.6731181965829917,0.17006780775911348
8,5,entropy,5138.5,0.1,1.0,0.0
8,5,entropy,5495.0,0.1,0.6408124758462344,0.17356883880832658
8,5,entropy,14728.699999999999,0.1,0.6503952932524362,0.21422854209533482
8,5,entropy,3161.0,0.2,0.6417569639662662,0.05300515307601427
8,5,entropy,3267.2,0.2,0.7584959298835255,0.10910602360530677
8,5,entropy,5138.5,0.2,1.0,0.0
8,5,entropy,5495.0,0.2,0.9130658008674931,0.015533281218559241
8,5,entropy,14728.699999999999,0.2,0.7873174221611722,0.07050319965199985
8,5,entropy,3161.0,0.5,0.725302143852854,0.09263682688506562
8,5,entropy,3267.2,0.5,0.8322056872125201,0.06788053650915114
8,5,entropy,5138.5,0.5,1.0,0.0
8,5,entropy,5495.0,0.5,0.8812449602266537,0.048562640778698166
8,5,entropy,14728.699999999999,0.5,0.8501183726502649,0.05573189731078132
8,5,entropy,3161.0,0.7,0.5988611565739225,0.12394932028064404
8,5,entropy,3267.2,0.7,0.793289946992677,0.11695760423900214
8,5,entropy,5138.5,0.7,1.0,0.0
8,5,entropy,5495.0,0.7,0.9069551282051282,0.036390487026451764
8,5,entropy,14728.699999999999,0.7,0.9096459096459097,0.06732516752259576
8,10,gini,3161.0,0.1,0.5,0.0
8,10,gini,3267.2,0.1,0.5,0.0
8,10,gini,5138.5,0.1,1.0,0.0
8,10,gini,5495.0,0.1,0.7765499992394538,0.16500158464860762
8,10,gini,14728.699999999999,0.1,0.5722972972972973,0.16166167134626858
8,10,gini,3161.0,0.2,0.6954715138107647,0.1451720894550656
8,10,gini,3267.2,0.2,0.7380464623989766,0.15076123568073593
8,10,gini,5138.5,0.2,1.0,0.0
8,10,gini,5495.0,0.2,0.8249691662105455,0.18243883567878297
8,10,gini,14728.699999999999,0.2,0.7404982803456086,0.23185014288624736
8,10,gini,3161.0,0.5,0.6380588231115657,0.06577164422248793
8,10,gini,3267.2,0.5,0.7945992092908327,0.0726836986727226
8,10,gini,5138.5,0.5,1.0,0.0
8,10,gini,5495.0,0.5,0.9147338935574231,0.010305972708322113
8,10,gini,14728.699999999999,0.5,0.8176657329598506,0.08281075176664027
8,10,gini,3161.0,0.7,0.5372009803921569,0.10415606693474772
8,10,gini,3267.2,0.7,0.842524930852586,0.10434731207087969
8,10,gini,5138.5,0.7,1.0,0.0
8,10,gini,5495.0,0.7,0.9055194805194805,0.058578683123872384
8,10,gini,14728.699999999999,0.7,0.8495614709651976,0.107901795949142
8,10,entropy,3161.0,0.1,0.5268027210884354,0.05993270633570865
8,10,entropy,3267.2,0.1,0.5985279180004925,0.13957057999115838
8,10,entropy,5138.5,0.1,1.0,0.0
8,10,entropy,5495.0,0.1,0.5610687022900763,0.1365537696183078
8,10,entropy,14728.699999999999,0.1,0.5,0.0
8,10,entropy,3161.0,0.2,0.5805571705426357,0.10347945314739278
8,10,entropy,3267.2,0.2,0.8552413736234904,0.06326036973654355
8,10,entropy,5138.5,0.2,1.0,0.0
8,10,entropy,5495.0,0.2,0.8388457794985882,0.1895792851154972
8,10,entropy,14728.699999999999,0.2,0.6355447653122072,0.20478392242298254
8,10,entropy,3161.0,0.5,0.5819790250684902,0.08326576637170119
8,10,entropy,3267.2,0.5,0.8077866572134516,0.03649478728988333
8,10,entropy,5138.5,0.5,1.0,0.0
8,10,entropy,5495.0,0.5,0.9305159705159705,0.040970768300575985
8,10,entropy,14728.699999999999,0.5,0.8878086419753085,0.06318591758750353
8,10,entropy,3161.0,0.7,0.6411241788040913,0.08807745099599533
8,10,entropy,3267.2,0.7,0.8625000088563919,0.04467874815159047
8,10,entropy,5138.5,0.7,1.0,0.0
8,10,entropy,5495.0,0.7,0.8662987012987013,0.01816209505384258
8,10,entropy,14728.699999999999,0.7,0.8070493197278911,0.10810312646475778
8,20,gini,3161.0,0.1,0.5,0.0
8,20,gini,3267.2,0.1,0.5,0.0
8,20,gini,5138.5,0.1,0.5,0.0
8,20,gini,5495.0,0.1,0.5,0.0
8,20,gini,14728.699999999999,0.1,0.5,0.0
8,20,gini,3161.0,0.2,0.5,0.0
8,20,gini,3267.2,0.2,0.5,0.0
8,20,gini,5138.5,0.2,1.0,0.0
8,20,gini,5495.0,0.2,0.6812558311808686,0.16569537442642526
8,20,gini,14728.699999999999,0.2,0.5,0.0
8,20,gini,3161.0,0.5,0.6598377099211714,0.09584151931431864
8,20,gini,3267.2,0.5,0.7883489304812835,0.14753560324334092
8,20,gini,5138.5,0.5,1.0,0.0
8,20,gini,5495.0,0.5,0.9376456876456878,0.021954998769066425
8,20,gini,14728.699999999999,0.5,0.9645228837663208,0.008143501740751596
8,20,gini,3161.0,0.7,0.6039607437177769,0.07692147256002468
8,20,gini,3267.2,0.7,0.7706383280801885,0.09311234480802001
8,20,gini,5138.5,0.7,1.0,0.0
8,20,gini,5495.0,0.7,0.9228174603174603,0.05753284031568072
8,20,gini,14728.699999999999,0.7,0.8456122448979592,0.0892022933908601
8,20,entropy,3161.0,0.1,0.5,0.0
8,20,entropy,3267.2,0.1,0.5,0.0
8,20,entropy,5138.5,0.1,0.5,0.0
8,20,entropy,5495.0,0.1,0.5,0.0
8,20,entropy,14728.699999999999,0.1,0.5,0.0
8,20,entropy,3161.0,0.2,0.5,0.0
8,20,entropy,3267.2,0.2,0.5838983050847457,0.18760231336650776
8,20,entropy,5138.5,0.2,1.0,0.0
8,20,entropy,5495.0,0.2,0.7023339829433393,0.1921929415646202
8,20,entropy,14728.699999999999,0.2,0.5,0.0
8,20,entropy,3161.0,0.5,0.6462421113023522,0.08695982591341683
8,20,entropy,3267.2,0.5,0.7886015037593985,0.10090217689028247
8,20,entropy,5138.5,0.5,1.0,0.0
8,20,entropy,5495.0,0.5,0.8928553335209684,0.03196893630546672
8,20,entropy,14728.699999999999,0.5,0.9508695975628354,0.008436755945652949
8,20,entropy,3161.0,0.7,0.5569752087908627,0.09970013107981204
8,20,entropy,3267.2,0.7,0.8165459713736771,0.07834381370225814
8,20,entropy,5138.5,0.7,1.0,0.0
8,20,entropy,5495.0,0.7,0.9314520773344303,0.029629059835488584
8,20,entropy,14728.699999999999,0.7,0.7796666666666667,0.1900964667390393
8,50,gini,3161.0,0.1,0.5,0.0
8,50,gini,3267.2,0.1,0.5,0.0
8,50,gini,5138.5,0.1,0.5,0.0
8,50,gini,5495.0,0.1,0.5,0.0
8,50,gini,14728.699999999999,0.1,0.5,0.0
8,50,gini,3161.0,0.2,0.5,0.0
8,50,gini,3267.2,0.2,0.5,0.0
8,50,gini,5138.5,0.2,0.5,0.0
8,50,gini,5495.0,0.2,0.5,0.0
8,50,gini,14728.699999999999,0.2,0.5,0.0
8,50,gini,3161.0,0.5,0.5,0.0
8,50,gini,3267.2,0.5,0.5533333333333333,0.11925695879998877
8,50,gini,5138.5,0.5,1.0,0.0
8,50,gini,5495.0,0.5,0.6823892931361442,0.16701038907971572
8,50,gini,14728.699999999999,0.5,0.5,0.0
8,50,gini,3161.0,0.7,0.514102564102564,0.03153429199038164
8,50,gini,3267.2,0.7,0.9185850016602932,0.013956180170654638
8,50,gini,5138.5,0.7,1.0,0.0
8,50,gini,5495.0,0.7,0.8877777777777778,0.09098229375970787
8,50,gini,14728.699999999999,0.7,0.5,0.0
8,50,entropy,3161.0,0.1,0.5,0.0
8,50,entropy,3267.2,0.1,0.5,0.0
8,50,entropy,5138.5,0.1,0.5,0.0
8,50,entropy,5495.0,0.1,0.5,0.0
8,50,entropy,14728.699999999999,0.1,0.5,0.0
8,50,entropy,3161.0,0.2,0.5,0.0
8,50,entropy,3267.2,0.2,0.5,0.0
8,50,entropy,5138.5,0.2,0.5,0.0
8,50,entropy,5495.0,0.2,0.5,0.0
8,50,entropy,14728.699999999999,0.2,0.5,0.0
8,50,entropy,3161.0,0.5,0.5,0.0
8,50,entropy,3267.2,0.5,0.5847222222222223,0.1894446480937322
8,50,entropy,5138.5,0.5,1.0,0.0
8,50,entropy,5495.0,0.5,0.565034965034965,0.14542260273250382
8,50,entropy,14728.699999999999,0.5,0.5,0.0
8,50,entropy,3161.0,0.7,0.5,0.0
8,50,entropy,3267.2,0.7,0.9283679678234413,0.02540171827421917
8,50,entropy,5138.5,0.7,1.0,0.0
8,50,entropy,5495.0,0.7,0.9402597402597405,0.038251107727332805
8,50,entropy,14728.699999999999,0.7,0.5,0.0
8,100,gini,3161.0,0.1,0.5,0.0
8,100,gini,3267.2,0.1,0.5,0.0
8,100,gini,5138.5,0.1,0.5,0.0
8,100,gini,5495.0,0.1,0.5,0.0
8,100,gini,14728.699999999999,0.1,0.5,0.0
8,100,gini,3161.0,0.2,0.5,0.0
8,100,gini,3267.2,0.2,0.5,0.0
8,100,gini,5138.5,0.2,0.5,0.0
8,100,gini,5495.0,0.2,0.5,0.0
8,100,gini,14728.699999999999,0.2,0.5,0.0
8,100,gini,3161.0,0.5,0.5,0.0
8,100,gini,3267.2,0.5,0.5,0.0
8,100,gini,5138.5,0.5,0.5,0.0
8,100,gini,5495.0,0.5,0.5,0.0
8,100,gini,14728.699999999999,0.5,0.5,0.0
8,100,gini,3161.0,0.7,0.5,0.0
8,100,gini,3267.2,0.7,0.5,0.0
8,100,gini,5138.5,0.7,1.0,0.0
8,100,gini,5495.0,0.7,0.5494186046511628,0.1105033593531873
8,100,gini,14728.699999999999,0.7,0.5,0.0
8,100,entropy,3161.0,0.1,0.5,0.0
8,100,entropy,3267.2,0.1,0.5,0.0
8,100,entropy,5138.5,0.1,0.5,0.0
8,100,entropy,5495.0,0.1,0.5,0.0
8,100,entropy,14728.699999999999,0.1,0.5,0.0
8,100,entropy,3161.0,0.2,0.5,0.0
8,100,entropy,3267.2,0.2,0.5,0.0
8,100,entropy,5138.5,0.2,0.5,0.0
8,100,entropy,5495.0,0.2,0.5,0.0
8,100,entropy,14728.699999999999,0.2,0.5,0.0
8,100,entropy,3161.0,0.5,0.5,0.0
8,100,entropy,3267.2,0.5,0.5,0.0
8,100,entropy,5138.5,0.5,0.5,0.0
8,100,entropy,5495.0,0.5,0.5,0.0
8,100,entropy,14728.699999999999,0.5,0.5,0.0
8,100,entropy,3161.0,0.7,0.5,0.0
8,100,entropy,3267.2,0.7,0.5,0.0
8,100,entropy,5138.5,0.7,1.0,0.0
8,100,entropy,5495.0,0.7,0.5591085271317829,0.13217068471655732
8,100,entropy,14728.699999999999,0.7,0.5,0.0
10,2,gini,3161.0,0.1,0.5499048860608642,0.08833518553886269
10,2,gini,3267.2,0.1,0.7918354006715613,0.08430577605772524
10,2,gini,5138.5,0.1,1.0,0.0
10,2,gini,5495.0,0.1,0.9077435064935064,0.005211140105018367
10,2,gini,14728.699999999999,0.1,0.7380723114470162,0.17632523728133567
10,2,gini,3161.0,0.2,0.64670465193721,0.10294761952196836
10,2,gini,3267.2,0.2,0.7671875077589867,0.09838538406246283
10,2,gini,5138.5,0.2,1.0,0.0
10,2,gini,5495.0,0.2,0.9085260865175746,0.008484969097324246
10,2,gini,14728.699999999999,0.2,0.7984633970680483,0.18165189438404714
10,2,gini,3161.0,0.5,0.6553425398369825,0.07202830628275696
10,2,gini,3267.2,0.5,0.7919311518544256,0.023437958261749
10,2,gini,5138.5,0.5,1.0,0.0
10,2,gini,5495.0,0.5,0.9532792545292544,0.0411573472681354
10,2,gini,14728.699999999999,0.5,0.878035621780862,0.0706325091516241
10,2,gini,3161.0,0.7,0.7174527580262875,0.1888623165774162
10,2,gini,3267.2,0.7,0.7449475699192092,0.08964170457669396
10,2,gini,5138.5,0.7,1.0,0.0
10,2,gini,5495.0,0.7,0.953789413895797,0.057877710381048705
10,2,gini,14728.699999999999,0.7,0.9050784313725491,0.08904730932898117
10,2,entropy,3161.0,0.1,0.5233519231184838,0.01824005490981164
10,2,entropy,3267.2,0.1,0.7419133262143692,0.10983073964299263
10,2,entropy,5138.5,0.1,1.0,0.0
10,2,entropy,5495.0,0.1,0.8913157280183528,0.05710752421506649
10,2,entropy,14728.699999999999,0.1,0.7148405762871988,0.1569275385727285
10,2,entropy,3161.0,0.2,0.6064476424479122,0.05827662474833391
10,2,entropy,3267.2,0.2,0.7245319821292361,0.073154323601532
10,2,entropy,5138.5,0.2,1.0,0.0
10,2,entropy,5495.0,0.2,0.9197203641759414,0.04015515596034535
10,2,entropy,14728.699999999999,0.2,0.7138505397625723,0.15648722354580344
10,2,entropy,3161.0,0.5,0.7001398833624572,0.12368192914305877
10,2,entropy,3267.2,0.5,0.7819464334904861,0.03734909825002736
10,2,entropy,5138.5,0.5,1.0,0.0
10,2,entropy,5495.0,0.5,0.9413741138151813,0.03186094301779116
10,2,entropy,14728.699999999999,0.5,0.896003660587637,0.07111999748551863
10,2,entropy,3161.0,0.7,0.739975405546834,0.09286673700413578
10,2,entropy,3267.2,0.7,0.7615541463367551,0.08283812824575722
10,2,entropy,5138.5,0.7,1.0,0.0
10,2,entropy,5495.0,0.7,0.9756271678631927,0.02004340506539528
10,2,entropy,14728.699999999999,0.7,0.8280392156862746,0.1422968377803647
10,5,gini,3161.0,0.1,0.5788714645833141,0.10439976655863178
10,5,gini,3267.2,0.1,0.7073533043958993,0.12210293335172497
10,5,gini,5138.5,0.1,1.0,0.0
10,5,gini,5495.0,0.1,0.8811596032643827,0.05119620531899521
10,5,gini,14728.699999999999,0.1,0.7760219666515638,0.2519772817635948
10,5,gini,3161.0,0.2,0.5619916076622651,0.09531719042570372
10,5,gini,3267.2,0.2,0.7363843313312278,0.161616644942042
10,5,gini,5138.5,0.2,1.0,0.0
10,5,gini,5495.0,0.2,0.9180349475481322,0.0423999446259238
10,5,gini,14728.699999999999,0.2,0.7785569774364849,0.13457247093248392
10,5,gini,3161.0,0.5,0.601277378466197,0.15416040689527183
10,5,gini,3267.2,0.5,0.8585879428618496,0.042896037506840685
10,5,gini,5138.5,0.5,1.0,0.0
10,5,gini,5495.0,0.5,0.9261793938778904,0.03250501917290718
10,5,gini,14728.699999999999,0.5,0.8896443089430894,0.0939227669155794
10,5,gini,3161.0,0.7,0.7587001467253568,0.17045560124658476
10,5,gini,3267.2,0.7,0.795009853250823,0.10215570219126721
10,5,gini,5138.5,0.7,1.0,0.0
10,5,gini,5495.0,0.7,0.9361269501518684,0.022319377600425575
10,5,gini,14728.699999999999,0.7,0.8949659863945578,0.036830154373601355
10,5,entropy,3161.0,0.1,0.5764356719699374,0.15797592209930042
10,5,entropy,3267.2,0.1,0.6460050643468663,0.12886003340528657
10,5,entropy,5138.5,0.1,1.0,0.0
10,5,entropy,5495.0,0.1,0.8344979376528624,0.114711039967731
10,5,entropy,14728.699999999999,0.1,0.7162715497157767,0.20930713584509678
10,5,entropy,3161.0,0.2,0.7054909431653618,0.11617944031678766
10,5,entropy,3267.2,0.2,0.7659291075691435,0.07027807578783947
10,5,entropy,5138.5,0.2,1.0,0.0
10,5,entropy,5495.0,0.2,0.9245756573690389,0.025142923680217123
10,5,entropy,14728.699999999999,0.2,0.7228348214285714,0.21104015949530153
10,5,entropy,3161.0,0.5,0.654387901533013,0.050875236742838253
10,5,entropy,3267.2,0.5,0.8221316219867537,0.045684282805149516
10,5,entropy,5138.5,0.5,1.0,0.0
10,5,entropy,5495.0,0.5,0.9510740971357411,0.027677507679960096
10,5,entropy,14728.699999999999,0.5,0.812046477310705,0.13739140929064256
10,5,entropy,3161.0,0.7,0.7527662680456798,0.05520652013816959
10,5,entropy,3267.2,0.7,0.8020852145270749,0.09407966516703416
10,5,entropy,5138.5,0.7,1.0,0.0
10,5,entropy,5495.0,0.7,0.9584217171717171,0.028308590471988585
10,5,entropy,14728.699999999999,0.7,0.9332600069013113,0.054746160547081195
10,10,gini,3161.0,0.1,0.5547297297297298,0.12237939606586688
10,10,gini,3267.2,0.1,0.6756172305901437,0.16106462356870027
10,10,gini,5138.5,0.1,1.0,0.0
10,10,gini,5495.0,0.1,0.6747122525540101,0.17557106962305058
10,10,gini,14728.699999999999,0.1,0.5727891156462585,0.1627614106071276
10,10,gini,3161.0,0.2,0.6366313970652742,0.13567902463234044
10,10,gini,3267.2,0.2,0.8014541663275672,0.08658738869911466
10,10,gini,5138.5,0.2,1.0,0.0
10,10,gini,5495.0,0.2,0.8334907385017167,0.18668792288013814
10,10,gini,14728.699999999999,0.2,0.6481318681318682,0.21368420790419682
10,10,gini,3161.0,0.5,0.6429562393714138,0.0788165790014967
10,10,gini,3267.2,0.5,0.8217554609266549,0.04797145967425558
10,10,gini,5138.5,0.5,1.0,0.0
10,10,gini,5495.0,0.5,0.8922632241302318,0.020041406000844218
10,10,gini,14728.699999999999,0.5,0.8841268081511984,0.08869280847957701
10,10,gini,3161.0,0.7,0.5750909683022145,0.04549418904049932
10,10,gini,3267.2,0.7,0.7891825201871348,0.06713253154349025
10,10,gini,5138.5,0.7,1.0,0.0
10,10,gini,5495.0,0.7,0.9634200812107789,0.036798783400205
10,10,gini,14728.699999999999,0.7,0.9149183673469388,0.0679533936234075
10,10,entropy,3161.0,0.1,0.5534246575342465,0.11946116592122162
10,10,entropy,3267.2,0.1,0.5978674100563423,0.14168080174312547
10,10,entropy,5138.5,0.1,1.0,0.0
10,10,entropy,5495.0,0.1,0.6836764666631079,0.16769045532895444
10,10,entropy,14728.699999999999,0.1,0.5,0.0
10,10,entropy,3161.0,0.2,0.7359178805690434,0.14556753178204054
10,10,entropy,3267.2,0.2,0.8103176319614844,0.07943636562432693
10,10,entropy,5138.5,0.2,1.0,0.0
10,10,entropy,5495.0,0.2,0.811316545674531,0.1812710770232443
10,10,entropy,14728.699999999999,0.2,0.7773043181041357,0.253178824906595
10,10,entropy,3161.0,0.5,0.6729694980749833,0.06497643604289555
10,10,entropy,3267.2,0.5,0.7432403776699337,0.08595419941084653
10,10,entropy,5138.5,0.5,1.0,0.0
10,10,entropy,5495.0,0.5,0.9131729244772723,0.04567571233893672
10,10,entropy,14728.699999999999,0.5,0.8430081300813008,0.06842742375949155
10,10,entropy,3161.0,0.7,0.6078758503401361,0.14882710105130353
10,10,entropy,3267.2,0.7,0.7509474238445046,0.07640242175646172
10,10,entropy,5138.5,0.7,1.0,0.0
10,10,entropy,5495.0,0.7,0.9067987241900285,0.05378287776739544
10,10,entropy,14728.699999999999,0.7,0.8587909163665467,0.08335259276682402
10,20,gini,3161.0,0.1,0.5,0.0
10,20,gini,3267.2,0.1,0.5,0.0
10,20,gini,5138.5,0.1,0.5,0.0
10,20,gini,5495.0,0.1,0.5,0.0
10,20,gini,14728.699999999999,0.1,0.5,0.0
10,20,gini,3161.0,0.2,0.5,0.0
10,20,gini,3267.2,0.2,0.6686489980607628,0.23093444135886376
10,20,gini,5138.5,0.2,1.0,0.0
10,20,gini,5495.0,0.2,0.7657634406860641,0.16701524591434885
10,20,gini,14728.699999999999,0.2,0.5729323308270676,0.16308164948682677
10,20,gini,3161.0,0.5,0.6827381084221893,0.10579280057041383
10,20,gini,3267.2,0.5,0.8180916408770373,0.05451982152031497
10,20,gini,5138.5,0.5,1.0,0.0
10,20,gini,5495.0,0.5,0.930828173374613,0.03607381630164951
10,20,gini,14728.699999999999,0.5,0.8705763523833363,0.20719744930724382
10,20,gini,3161.0,0.7,0.5004615384615384,0.08649759718932445
10,20,gini,3267.2,0.7,0.79934555710231,0.09563777595539663
10,20,gini,5138.5,0.7,1.0,0.0
10,20,gini,5495.0,0.7,0.9266117216117216,0.03428503431434924
10,20,gini,14728.699999999999,0.7,0.8755238095238095,0.10821139133852545
10,20,entropy,3161.0,0.1,0.5,0.0
10,20,entropy,3267.2,0.1,0.5,0.0
10,20,entropy,5138.5,0.1,0.5,0.0
10,20,entropy,5495.0,0.1,0.5,0.0
10,20,entropy,14728.699999999999,0.1,0.5,0.0
10,20,entropy,3161.0,0.2,0.5,0.0
10,20,entropy,3267.2,0.2,0.7262393162393163,0.21129808333792494
10,20,entropy,5138.5,0.2,1.0,0.0
10,20,entropy,5495.0,0.2,0.6189670953996685,0.16294411747067788
10,20,entropy,14728.699999999999,0.2,0.5,0.0
10,20,entropy,3161.0,0.5,0.5,0.0
10,20,entropy,3267.2,0.5,0.7639362148680202,0.0860427073928922
10,20,entropy,5138.5,0.5,1.0,0.0
10,20,entropy,5495.0,0.5,0.925140056022409,0.020473689408577203
10,20,entropy,14728.699999999999,0.5,0.8646744965129338,0.20404314228898437
10,20,entropy,3161.0,0.7,0.524938775510204,0.12805701554750473
10,20,entropy,3267.2,0.7,0.8021442265464005,0.0819950950991448
10,20,entropy,5138.5,0.7,1.0,0.0
10,20,entropy,5495.0,0.7,0.9242629786234439,0.03406319670793887
10,20,entropy,14728.699999999999,0.7,0.8873809523809524,0.10714814801751248
10,50,gini,3161.0,0.1,0.5,0.0
10,50,gini,3267.2,0.1,0.5,0.0
10,50,gini,5138.5,0.1,0.5,0.0
10,50,gini,5495.0,0.1,0.5,0.0
10,50,gini,14728.699999999999,0.1,0.5,0.0
10,50,gini,3161.0,0.2,0.5,0.0
10,50,gini,3267.2,0.2,0.5,0.0
10,50,gini,5138.5,0.2,0.5,0.0
10,50,gini,5495.0,0.2,0.5,0.0
10,50,gini,14728.699999999999,0.2,0.5,0.0
10,50,gini,3161.0,0.5,0.5,0.0
10,50,gini,3267.2,0.5,0.5571428571428572,0.12777531299998798
10,50,gini,5138.5,0.5,1.0,0.0
10,50,gini,5495.0,0.5,0.7068786476681214,0.2025388650705984
10,50,gini,14728.699999999999,0.5,0.5,0.0
10,50,gini,3161.0,0.7,0.4830188679245283,0.037970965655656795
10,50,gini,3267.2,0.7,0.9200259397537973,0.02281675457835111
10,50,gini,5138.5,0.7,1.0,0.0
10,50,gini,5495.0,0.7,0.7805555555555556,0.25692567499013363
10,50,gini,14728.699999999999,0.7,0.5,0.0
10,50,entropy,3161.0,0.1,0.5,0.0
10,50,entropy,3267.2,0.1,0.5,0.0
10,50,entropy,5138.5,0.1,0.5,0.0
10,50,entropy,5495.0,0.1,0.5,0.0
10,50,entropy,14728.699999999999,0.1,0.5,0.0
10,50,entropy,3161.0,0.2,0.5,0.0
10,50,entropy,3267.2,0.2,0.5,0.0
10,50,entropy,5138.5,0.2,0.5,0.0
10,50,entropy,5495.0,0.2,0.5,0.0
10,50,entropy,14728.699999999999,0.2,0.5,0.0
10,50,entropy,3161.0,0.5,0.5,0.0
10,50,entropy,3267.2,0.5,0.70077505407354,0.19265869776500627
10,50,entropy,5138.5,0.5,1.0,0.0
10,50,entropy,5495.0,0.5,0.5555555555555556,0.12422599874998833
10,50,entropy,14728.699999999999,0.5,0.5,0.0
10,50,entropy,3161.0,0.7,0.5,0.0
10,50,entropy,3267.2,0.7,0.9130149319279754,0.017882486523372727
10,50,entropy,5138.5,0.7,1.0,0.0
10,50,entropy,5495.0,0.7,0.8969329161176987,0.08238776447577788
10,50,entropy,14728.699999999999,0.7,0.5,0.0
10,100,gini,3161.0,0.1,0.5,0.0
10,100,gini,3267.2,0.1,0.5,0.0
10,100,gini,5138.5,0.1,0.5,0.0
10,100,gini,5495.0,0.1,0.5,0.0
10,100,gini,14728.699999999999,0.1,0.5,0.0
10,100,gini,3161.0,0.2,0.5,0.0
10,100,gini,3267.2,0.2,0.5,0.0
10,100,gini,5138.5,0.2,0.5,0.0
10,100,gini,5495.0,0.2,0.5,0.0
10,100,gini,14728.699999999999,0.2,0.5,0.0
10,100,gini,3161.0,0.5,0.5,0.0
10,100,gini,3267.2,0.5,0.5,0.0
10,100,gini,5138.5,0.5,0.5,0.0
10,100,gini,5495.0,0.5,0.5,0.0
10,100,gini,14728.699999999999,0.5,0.5,0.0
10,100,gini,3161.0,0.7,0.5,0.0
10,100,gini,3267.2,0.7,0.5,0.0
10,100,gini,5138.5,0.7,1.0,0.0
10,100,gini,5495.0,0.7,0.561968085106383,0.13856485073336466
10,100,gini,14728.699999999999,0.7,0.5,0.0
10,100,entropy,3161.0,0.1,0.5,0.0
10,100,entropy,3267.2,0.1,0.5,0.0
10,100,entropy,5138.5,0.1,0.5,0.0
10,100,entropy,5495.0,0.1,0.5,0.0
10,100,entropy,14728.699999999999,0.1,0.5,0.0
10,100,entropy,3161.0,0.2,0.5,0.0
10,100,entropy,3267.2,0.2,0.5,0.0
10,100,entropy,5138.5,0.2,0.5,0.0
10,100,entropy,5495.0,0.2,0.5,0.0
10,100,entropy,14728.699999999999,0.2,0.5,0.0
10,100,entropy,3161.0,0.5,0.5,0.0
10,100,entropy,3267.2,0.5,0.5,0.0
10,100,entropy,5138.5,0.5,0.5,0.0
10,100,entropy,5495.0,0.5,0.5,0.0
10,100,entropy,14728.699999999999,0.5,0.5,0.0
10,100,entropy,3161.0,0.7,0.5,0.0
10,100,entropy,3267.2,0.7,0.5,0.0
10,100,entropy,5138.5,0.7,1.0,0.0
10,100,entropy,5495.0,0.7,0.5431818181818182,0.09655748084658185
10,100,entropy,14728.699999999999,0.7,0.5,0.0
12,2,gini,3161.0,0.1,0.592550825715265,0.1366919823241563
12,2,gini,3267.2,0.1,0.7199816680910269,0.12441997449025266
12,2,gini,5138.5,0.1,1.0,0.0
12,2,gini,5495.0,0.1,0.8183910888752202,0.18043614266543548
12,2,gini,14728.699999999999,0.1,0.7766341647363915,0.2042991112584185
12,2,gini,3161.0,0.2,0.674282391366231,0.1295004249973833
12,2,gini,3267.2,0.2,0.7268925501261964,0.06757171973685372
12,2,gini,5138.5,0.2,1.0,0.0
12,2,gini,5495.0,0.2,0.9208293549077997,0.03319071047350675
12,2,gini,14728.699999999999,0.2,0.8281480329975542,0.08716760118798281
12,2,gini,3161.0,0.5,0.6632622349368773,0.050545708551348205
12,2,gini,3267.2,0.5,0.7757106279998996,0.08164203907755273
12,2,gini,5138.5,0.5,1.0,0.0
12,2,gini,5495.0,0.5,0.9599422419685577,0.02350445361267693
12,2,gini,14728.699999999999,0.5,0.8844545243176508,0.0489505528627033
12,2,gini,3161.0,0.7,0.6113553558903103,0.07773383815914056
12,2,gini,3267.2,0.7,0.8028822112216893,0.09921437445233297
12,2,gini,5138.5,0.7,1.0,0.0
12,2,gini,5495.0,0.7,0.9389306104523495,0.03693663007928395
12,2,gini,14728.699999999999,0.7,0.9385,0.038117143999343205
12,2,entropy,3161.0,0.1,0.5687637008826519,0.11414204380495904
12,2,entropy,3267.2,0.1,0.7616588516484297,0.18936601232860256
12,2,entropy,5138.5,0.1,1.0,0.0
12,2,entropy,5495.0,0.1,0.9054032537888116,0.025909452796752937
12,2,entropy,14728.699999999999,0.1,0.6462375160267224,0.19382509265301853
12,2,entropy,3161.0,0.2,0.585170784883721,0.08013732165251279
12,2,entropy,3267.2,0.2,0.7784368640850534,0.0644665080651974
12,2,entropy,5138.5,0.2,1.0,0.0
12,2,entropy,5495.0,0.2,0.917994783153536,0.03349955134774269
12,2,entropy,14728.699999999999,0.2,0.8071559439856539,0.12538779336880804
12,2,entropy,3161.0,0.5,0.6532759784510962,0.06147993776395375
12,2,entropy,3267.2,0.5,0.7839200434140079,0.07735217482025633
12,2,entropy,5138.5,0.5,1.0,0.0
12,2,entropy,5495.0,0.5,0.9596518256558418,0.022978376508767388
12,2,entropy,14728.699999999999,0.5,0.8927291373652132,0.09052767548676563
12,2,entropy,3161.0,0.7,0.6353043962265759,0.11896438362574895
12,2,entropy,3267.2,0.7,0.8014841413991647,0.07253866185192671
12,2,entropy,5138.5,0.7,1.0,0.0
12,2,entropy,5495.0,0.7,0.9534898434898433,0.0367648322609511
12,2,entropy,14728.699999999999,0.7,0.9159676870748299,0.0720229582750939
12,5,gini,3161.0,0.1,0.5381398097736969,0.055605715226402376
12,5,gini,3267.2,0.1,0.6866279069767443,0.12042842091901187
12,5,gini,5138.5,0.1,1.0,0.0
12,5,gini,5495.0,0.1,0.8963598535677363,0.05846636589589389
12,5,gini,14728.699999999999,0.1,0.7614554071510513,0.21803930355882065
12,5,gini,3161.0,0.2,0.6795306574035033,0.08985942199313213
12,5,gini,3267.2,0.2,0.8805996691052759,0.02471375801191819
12,5,gini,5138.5,0.2,1.0,0.0
12,5,gini,5495.0,0.2,0.922037540747293,0.02579669374908071
12,5,gini,14728.699999999999,0.2,0.828825002516863,0.049129689113925706
12,5,gini,3161.0,0.5,0.626870050091383,0.05579207486735132
12,5,gini,3267.2,0.5,0.8861888806741749,0.0399424912587571
12,5,gini,5138.5,0.5,1.0,0.0
12,5,gini,5495.0,0.5,0.9432865032214878,0.044113691150106715
12,5,gini,14728.699999999999,0.5,0.8534844351193291,0.09906332310995832
12,5,gini,3161.0,0.7,0.7352050820328131,0.06531280203118983
12,5,gini,3267.2,0.7,0.8065560929531737,0.11950998856483287
12,5,gini,5138.5,0.7,1.0,0.0
12,5,gini,5495.0,0.7,0.9252872948588319,0.041095031076884087
12,5,gini,14728.699999999999,0.7,0.9135204081632654,0.07779775799803637
12,5,entropy,3161.0,0.1,0.567119366720078,0.10736422091659831
12,5,entropy,3267.2,0.1,0.7473554223560834,0.20003024727822055
12,5,entropy,5138.5,0.1,1.0,0.0
12,5,entropy,5495.0,0.1,0.8214326705840899,0.09862069889064427
12,5,entropy,14728.699999999999,0.1,0.6127842232783525,0.15461644872727573
12,5,entropy,3161.0,0.2,0.6680524482321717,0.06791390506245859
12,5,entropy,3267.2,0.2,0.8471831074486783,0.08832155605547816
12,5,entropy,5138.5,0.2,1.0,0.0
12,5,entropy,5495.0,0.2,0.930634236453202,0.0268527804020267
12,5,entropy,14728.699999999999,0.2,0.7235706935108488,0.16229478656889723
12,5,entropy,3161.0,0.5,0.7144168207220416,0.08319233943849637
12,5,entropy,3267.2,0.5,0.8101217008543025,0.0676431346422605
12,5,entropy,5138.5,0.5,1.0,0.0
12,5,entropy,5495.0,0.5,0.936451020446631,0.030490580954839423
12,5,entropy,14728.699999999999,0.5,0.8603306455446724,0.08855716474011245
12,5,entropy,3161.0,0.7,0.7286575630252101,0.13077320624354188
12,5,entropy,3267.2,0.7,0.7986108626515602,0.029971687562518248
12,5,entropy,5138.5,0.7,1.0,0.0
12,5,entropy,5495.0,0.7,0.9105479885967691,0.038539661208638214
12,5,entropy,14728.699999999999,0.7,0.9125466853408032,0.0627297569117486
12,10,gini,3161.0,0.1,0.5,0.0
12,10,gini,3267.2,0.1,0.7205144373909764,0.12116369661610514
12,10,gini,5138.5,0.1,1.0,0.0
12,10,gini,5495.0,0.1,0.6796109332676681,0.16400265226723063
12,10,gini,14728.699999999999,0.1,0.571917808219178,0.16081310797087528
12,10,gini,3161.0,0.2,0.5764134485487169,0.10981611159099107
12,10,gini,3267.2,0.2,0.7445831458222487,0.10329085837603395
12,10,gini,5138.5,0.2,1.0,0.0
12,10,gini,5495.0,0.2,0.912781066264103,0.013102668164576928
12,10,gini,14728.699999999999,0.2,0.7773207025532607,0.11393356125334424
12,10,gini,3161.0,0.5,0.7032045995006877,0.16373947107311657
12,10,gini,3267.2,0.5,0.75005400191232,0.03839069728345503
12,10,gini,5138.5,0.5,1.0,0.0
12,10,gini,5495.0,0.5,0.9315334626673636,0.03190312220681885
12,10,gini,14728.699999999999,0.5,0.793219696969697,0.06407905408303328
12,10,gini,3161.0,0.7,0.560606143469146,0.0878282486866814
12,10,gini,3267.2,0.7,0.8516094208005228,0.0704231532648069
12,10,gini,5138.5,0.7,1.0,0.0
12,10,gini,5495.0,0.7,0.932125850340136,0.06110279382943783
12,10,gini,14728.699999999999,0.7,0.8284628851540617,0.11166411354205358
12,10,entropy,3161.0,0.1,0.5219178082191781,0.0490097090958858
12,10,entropy,3267.2,0.1,0.6687924356345409,0.1861036073066598
12,10,entropy,5138.5,0.1,1.0,0.0
12,10,entropy,5495.0,0.1,0.7638936636334505,0.15693056170485487
12,10,entropy,14728.699999999999,0.1,0.5,0.0
12,10,entropy,3161.0,0.2,0.6025794416775866,0.0975260069879709
12,10,entropy,3267.2,0.2,0.6652147206442454,0.142969966085847
12,10,entropy,5138.5,0.2,1.0,0.0
12,10,entropy,5495.0,0.2,0.9129469591093619,0.019052932857883943
12,10,entropy,14728.699999999999,0.2,0.5522480620155038,0.11683021835929132
12,10,entropy,3161.0,0.5,0.6341147244805782,0.09121459968304971
12,10,entropy,3267.2,0.5,0.8201681732420752,0.07865516571900821
12,10,entropy,5138.5,0.5,1.0,0.0
12,10,entropy,5495.0,0.5,0.935172457999218,0.04418811260991284
12,10,entropy,14728.699999999999,0.5,0.8637406292894099,0.06807462232354257
12,10,entropy,3161.0,0.7,0.5617438934008584,0.11293703998593359
12,10,entropy,3267.2,0.7,0.8560390191204146,0.07777382940590899
12,10,entropy,5138.5,0.7,1.0,0.0
12,10,entropy,5495.0,0.7,0.9302380952380954,0.05202530781322899
12,10,entropy,14728.699999999999,0.7,0.87034831903776,0.07582843138422198
12,20,gini,3161.0,0.1,0.5,0.0
12,20,gini,3267.2,0.1,0.5,0.0
12,20,gini,5138.5,0.1,0.5,0.0
12,20,gini,5495.0,0.1,0.5,0.0
12,20,gini,14728.699999999999,0.1,0.5,0.0
12,20,gini,3161.0,0.2,0.5,0.0
12,20,gini,3267.2,0.2,0.6047566092930001,0.18378176658125392
12,20,gini,5138.5,0.2,1.0,0.0
12,20,gini,5495.0,0.2,0.7094342975393207,0.19995428373559027
12,20,gini,14728.699999999999,0.2,0.5,0.0
12,20,gini,3161.0,0.5,0.548148148148148,0.10766253224998985
12,20,gini,3267.2,0.5,0.7971300309597524,0.11146881204178201
12,20,gini,5138.5,0.5,1.0,0.0
12,20,gini,5495.0,0.5,0.9147713032581454,0.04614625497751085
12,20,gini,14728.699999999999,0.5,0.8742653767735803,0.20931809819223043
12,20,gini,3161.0,0.7,0.6791610512129381,0.17511740692085287
12,20,gini,3267.2,0.7,0.8434476917487158,0.09127283123207162
12,20,gini,5138.5,0.7,1.0,0.0
12,20,gini,5495.0,0.7,0.9142307692307693,0.028184724554709623
12,20,gini,14728.699999999999,0.7,0.8899247358517876,0.06173421453092549
12,20,entropy,3161.0,0.1,0.5,0.0
12,20,entropy,3267.2,0.1,0.5,0.0
12,20,entropy,5138.5,0.1,0.5,0.0
12,20,entropy,5495.0,0.1,0.5,0.0
12,20,entropy,14728.699999999999,0.1,0.5,0.0
12,20,entropy,3161.0,0.2,0.5440659340659341,0.09853442406345228
12,20,entropy,3267.2,0.2,0.5,0.0
12,20,entropy,5138.5,0.2,1.0,0.0
12,20,entropy,5495.0,0.2,0.6493930905695612,0.21062902647385282
12,20,entropy,14728.699999999999,0.2,0.5,0.0
12,20,entropy,3161.0,0.5,0.5457130107732517,0.06444668660617728
12,20,entropy,3267.2,0.5,0.7594547964113182,0.054407934556760525
12,20,entropy,5138.5,0.5,1.0,0.0
12,20,entropy,5495.0,0.5,0.9088837289301687,0.04314635707856214
12,20,entropy,14728.699999999999,0.5,0.9046707101991656,0.11500524458819197
12,20,entropy,3161.0,0.7,0.5770119642059722,0.09472367593110512
12,20,entropy,3267.2,0.7,0.8537969206127773,0.030501073239278295
12,20,entropy,5138.5,0.7,1.0,0.0
12,20,entropy,5495.0,0.7,0.9261698618841475,0.06386462148095197
12,20,entropy,14728.699999999999,0.7,0.9083333333333332,0.08539125638299669
12,50,gini,3161.0,0.1,0.5,0.0
12,50,gini,3267.2,0.1,0.5,0.0
12,50,gini,5138.5,0.1,0.5,0.0
12,50,gini,5495.0,0.1,0.5,0.0
12,50,gini,14728.699999999999,0.1,0.5,0.0
12,50,gini,3161.0,0.2,0.5,0.0
12,50,gini,3267.2,0.2,0.5,0.0
12,50,gini,5138.5,0.2,0.5,0.0
12,50,gini,5495.0,0.2,0.5,0.0
12,50,gini,14728.699999999999,0.2,0.5,0.0
12,50,gini,3161.0,0.5,0.5,0.0
12,50,gini,3267.2,0.5,0.6144069264069264,0.156914668616062
12,50,gini,5138.5,0.5,1.0,0.0
12,50,gini,5495.0,0.5,0.5625374625374626,0.1398380173741127
12,50,gini,14728.699999999999,0.5,0.5,0.0
12,50,gini,3161.0,0.7,0.5,0.0
12,50,gini,3267.2,0.7,0.9221655472097838,0.02076180764892417
12,50,gini,5138.5,0.7,1.0,0.0
12,50,gini,5495.0,0.7,0.8121781358737881,0.11715572663021331
12,50,gini,14728.699999999999,0.7,0.5,0.0
12,50,entropy,3161.0,0.1,0.5,0.0
12,50,entropy,3267.2,0.1,0.5,0.0
12,50,entropy,5138.5,0.1,0.5,0.0
12,50,entropy,5495.0,0.1,0.5,0.0
12,50,entropy,14728.699999999999,0.1,0.5,0.0
12,50,entropy,3161.0,0.2,0.5,0.0
12,50,entropy,3267.2,0.2,0.5,0.0
12,50,entropy,5138.5,0.2,0.5,0.0
12,50,entropy,5495.0,0.2,0.5,0.0
12,50,entropy,14728.699999999999,0.2,0.5,0.0
12,50,entropy,3161.0,0.5,0.5,0.0
12,50,entropy,3267.2,0.5,0.5,0.0
12,50,entropy,5138.5,0.5,1.0,0.0
12,50,entropy,5495.0,0.5,0.5531829170024174,0.11892061765913464
12,50,entropy,14728.699999999999,0.5,0.5,0.0
12,50,entropy,3161.0,0.7,0.5,0.0
12,50,entropy,3267.2,0.7,0.9103063861203398,0.019603473412715768
12,50,entropy,5138.5,0.7,1.0,0.0
12,50,entropy,5495.0,0.7,0.9274286987522282,0.021617749946382117
12,50,entropy,14728.699999999999,0.7,0.5,0.0
12,100,gini,3161.0,0.1,0.5,0.0
12,100,gini,3267.2,0.1,0.5,0.0
12,100,gini,5138.5,0.1,0.5,0.0
12,100,gini,5495.0,0.1,0.5,0.0
12,100,gini,14728.699999999999,0.1,0.5,0.0
12,100,gini,3161.0,0.2,0.5,0.0
12,100,gini,3267.2,0.2,0.5,0.0
12,100,gini,5138.5,0.2,0.5,0.0
12,100,gini,5495.0,0.2,0.5,0.0
12,100,gini,14728.699999999999,0.2,0.5,0.0
12,100,gini,3161.0,0.5,0.5,0.0
12,100,gini,3267.2,0.5,0.5,0.0
12,100,gini,5138.5,0.5,0.5,0.0
12,100,gini,5495.0,0.5,0.5,0.0
12,100,gini,14728.699999999999,0.5,0.5,0.0
12,100,gini,3161.0,0.7,0.5,0.0
12,100,gini,3267.2,0.7,0.5,0.0
12,100,gini,5138.5,0.7,1.0,0.0
12,100,gini,5495.0,0.7,0.6009090909090908,0.14223714338623963
12,100,gini,14728.699999999999,0.7,0.5,0.0
12,100,entropy,3161.0,0.1,0.5,0.0
12,100,entropy,3267.2,0.1,0.5,0.0
12,100,entropy,5138.5,0.1,0.5,0.0
12,100,entropy,5495.0,0.1,0.5,0.0
12,100,entropy,14728.699999999999,0.1,0.5,0.0
12,100,entropy,3161.0,0.2,0.5,0.0
12,100,entropy,3267.2,0.2,0.5,0.0
12,100,entropy,5138.5,0.2,0.5,0.0
12,100,entropy,5495.0,0.2,0.5,0.0
12,100,entropy,14728.699999999999,0.2,0.5,0.0
12,100,entropy,3161.0,0.5,0.5,0.0
12,100,entropy,3267.2,0.5,0.5,0.0
12,100,entropy,5138.5,0.5,0.5,0.0
12,100,entropy,5495.0,0.5,0.5,0.0
12,100,entropy,14728.699999999999,0.5,0.5,0.0
12,100,entropy,3161.0,0.7,0.5,0.0
12,100,entropy,3267.2,0.7,0.5,0.0
12,100,entropy,5138.5,0.7,1.0,0.0
12,100,entropy,5495.0,0.7,0.5,0.0
12,100,entropy,14728.699999999999,0.7,0.5,0.0
14,2,gini,3161.0,0.1,0.5704524449521582,0.08954690820733667
14,2,gini,3267.2,0.1,0.6192226401063053,0.03025504140676041
14,2,gini,5138.5,0.1,1.0,0.0
14,2,gini,5495.0,0.1,0.9112343906093907,0.007112596102511855
14,2,gini,14728.699999999999,0.1,0.6890727318707742,0.24948181020204915
14,2,gini,3161.0,0.2,0.6422126768149166,0.05143959191803324
14,2,gini,3267.2,0.2,0.773494027612727,0.055550076864267356
14,2,gini,5138.5,0.2,1.0,0.0
14,2,gini,5495.0,0.2,0.9015020296684918,0.005080064631560832
14,2,gini,14728.699999999999,0.2,0.8569674333540446,0.1386368484506539
14,2,gini,3161.0,0.5,0.725407308740642,0.0641672003811209
14,2,gini,3267.2,0.5,0.8293092194704501,0.049477154969450855
14,2,gini,5138.5,0.5,1.0,0.0
14,2,gini,5495.0,0.5,0.9231533423712817,0.02262423548366681
14,2,gini,14728.699999999999,0.5,0.9363285857327878,0.03300201914220401
14,2,gini,3161.0,0.7,0.6639345816364449,0.0540909568804297
14,2,gini,3267.2,0.7,0.7745105922052332,0.06027576207406167
14,2,gini,5138.5,0.7,1.0,0.0
14,2,gini,5495.0,0.7,0.9654787073391724,0.034054135532213814
14,2,gini,14728.699999999999,0.7,0.9475274725274726,0.0918194998520102
14,2,entropy,3161.0,0.1,0.6056544375890168,0.03860421376654173
14,2,entropy,3267.2,0.1,0.6898527493377766,0.1629365908688129
14,2,entropy,5138.5,0.1,1.0,0.0
14,2,entropy,5495.0,0.1,0.7912308388270085,0.14427868811832026
14,2,entropy,14728.699999999999,0.1,0.8861076939425185,0.09987745928047968
14,2,entropy,3161.0,0.2,0.6294307181719251,0.14170667725605077
14,2,entropy,3267.2,0.2,0.7164750883988633,0.1075015208896513
14,2,entropy,5138.5,0.2,1.0,0.0
14,2,entropy,5495.0,0.2,0.9126562175480621,0.039237668116720054
14,2,entropy,14728.699999999999,0.2,0.7490520380782009,0.11244222070650237
14,2,entropy,3161.0,0.5,0.6150836034912911,0.09955750448236095
14,2,entropy,3267.2,0.5,0.7650706357062587,0.0650199987113041
14,2,entropy,5138.5,0.5,1.0,0.0
14,2,entropy,5495.0,0.5,0.9349082526072889,0.03311795170906522
14,2,entropy,14728.699999999999,0.5,0.8588127772413696,0.04981871368715193
14,2,entropy,3161.0,0.7,0.6206572354897162,0.046583729242276786
14,2,entropy,3267.2,0.7,0.8228923958242698,0.08055639729313198
14,2,entropy,5138.5,0.7,1.0,0.0
14,2,entropy,5495.0,0.7,0.9487432591843612,0.02810413366478231
14,2,entropy,14728.699999999999,0.7,0.9447435897435899,0.07517293234096294
14,5,gini,3161.0,0.1,0.6019636941534604,0.0513005315619543
14,5,gini,3267.2,0.1,0.6581408542437954,0.0867993913153387
14,5,gini,5138.5,0.1,1.0,0.0
14,5,gini,5495.0,0.1,0.7849932443207956,0.1644462227627157
14,5,gini,14728.699999999999,0.1,0.6698395220157028,0.22186342917662963
14,5,gini,3161.0,0.2,0.6643311556610566,0.12444798078903802
14,5,gini,3267.2,0.2,0.7137590317283518,0.1441883898654573
14,5,gini,5138.5,0.2,1.0,0.0
14,5,gini,5495.0,0.2,0.9031086405721871,0.02424381691901698
14,5,gini,14728.699999999999,0.2,0.7942262001564326,0.08934330585027186
14,5,gini,3161.0,0.5,0.6977202265182095,0.07964121497205781
14,5,gini,3267.2,0.5,0.794017303427978,0.06207378036735254
14,5,gini,5138.5,0.5,1.0,0.0
14,5,gini,5495.0,0.5,0.9055474415544265,0.00861441199305492
14,5,gini,14728.699999999999,0.5,0.8739479315330281,0.06554955207622551
14,5,gini,3161.0,0.7,0.6760945198108271,0.1507068471897335
14,5,gini,3267.2,0.7,0.815635417600908,0.09406591305714529
14,5,gini,5138.5,0.7,1.0,0.0
14,5,gini,5495.0,0.7,0.9250429011858998,0.047833108391563295
14,5,gini,14728.699999999999,0.7,0.8061938775510205,0.08724048735055366
14,5,entropy,3161.0,0.1,0.6506403538426866,0.18302384790469378
14,5,entropy,3267.2,0.1,0.6773776677992673,0.10356482223317534
14,5,entropy,5138.5,0.1,1.0,0.0
14,5,entropy,5495.0,0.1,0.8199918451788749,0.19040729166135922
14,5,entropy,14728.699999999999,0.1,0.5917241379310345,0.20510140759135997
14,5,entropy,3161.0,0.2,0.6333415449765611,0.13622514594971705
14,5,entropy,3267.2,0.2,0.7654557302192038,0.06928937044714764
14,5,entropy,5138.5,0.2,1.0,0.0
14,5,entropy,5495.0,0.2,0.910835285674561,0.014797994349369101
14,5,entropy,14728.699999999999,0.2,0.8302633220786847,0.14054132875865097
14,5,entropy,3161.0,0.5,0.7319484797145439,0.09355848553172393
14,5,entropy,3267.2,0.5,0.8180892150611427,0.028714123600791303
14,5,entropy,5138.5,0.5,1.0,0.0
14,5,entropy,5495.0,0.5,0.9351728795176883,0.03648313078110426
14,5,entropy,14728.699999999999,0.5,0.9152973248304574,0.08547556488720473
14,5,entropy,3161.0,0.7,0.5807158324868409,0.11079231133158152
14,5,entropy,3267.2,0.7,0.8471566409839543,0.058195501654724556
14,5,entropy,5138.5,0.7,1.0,0.0
14,5,entropy,5495.0,0.7,0.8932323232323233,0.06059906314823208
14,5,entropy,14728.699999999999,0.7,0.9180952380952381,0.015190821387330201
14,10,gini,3161.0,0.1,0.4951198630136986,0.010912318040880812
14,10,gini,3267.2,0.1,0.5162612823223288,0.08197173643300583
14,10,gini,5138.5,0.1,1.0,0.0
14,10,gini,5495.0,0.1,0.6825884231811035,0.1668028905607564
14,10,gini,14728.699999999999,0.1,0.5,0.0
14,10,gini,3161.0,0.2,0.5390443465428655,0.05409907095962698
14,10,gini,3267.2,0.2,0.8124242364717309,0.0432574354949179
14,10,gini,5138.5,0.2,1.0,0.0
14,10,gini,5495.0,0.2,0.9164340448823207,0.01746162572117453
14,10,gini,14728.699999999999,0.2,0.959288487712063,0.002202462773322493
14,10,gini,3161.0,0.5,0.6210583175836749,0.0814925697051036
14,10,gini,3267.2,0.5,0.8049760889503291,0.0488560336234857
14,10,gini,5138.5,0.5,1.0,0.0
14,10,gini,5495.0,0.5,0.9241314305387129,0.050751308985140464
14,10,gini,14728.699999999999,0.5,0.8990677446297599,0.06679964849149878
14,10,gini,3161.0,0.7,0.6390751215379769,0.1627947925629301
14,10,gini,3267.2,0.7,0.8169242219975285,0.09100168864504624
14,10,gini,5138.5,0.7,1.0,0.0
14,10,gini,5495.0,0.7,0.9229761904761904,0.08697770911035867
14,10,gini,14728.699999999999,0.7,0.8259335649153279,0.13883655683180893
14,10,entropy,3161.0,0.1,0.48253424657534244,0.03905461193578401
14,10,entropy,3267.2,0.1,0.7656865615005148,0.15681063419596372
14,10,entropy,5138.5,0.1,1.0,0.0
14,10,entropy,5495.0,0.1,0.7012512218963832,0.18835348680689093
14,10,entropy,14728.699999999999,0.1,0.5,0.0
14,10,entropy,3161.0,0.2,0.6724203020017161,0.1646285038488623
14,10,entropy,3267.2,0.2,0.6910371894193499,0.1554501890822221
14,10,entropy,5138.5,0.2,1.0,0.0
14,10,entropy,5495.0,0.2,0.8547096253098252,0.06487111875318517
14,10,entropy,14728.699999999999,0.2,0.5462125660598943,0.10333443912462328
14,10,entropy,3161.0,0.5,0.5468306835717044,0.02352738871561188
14,10,entropy,3267.2,0.5,0.8278759407771424,0.05567847720526139
14,10,entropy,5138.5,0.5,1.0,0.0
14,10,entropy,5495.0,0.5,0.9244225087295191,0.038724197123700184
14,10,entropy,14728.699999999999,0.5,0.8877180400801199,0.08219958950087099
14,10,entropy,3161.0,0.7,0.6092326931907193,0.14944229830946026
14,10,entropy,3267.2,0.7,0.8695490286771509,0.06461165468229782
14,10,entropy,5138.5,0.7,1.0,0.0
14,10,entropy,5495.0,0.7,0.9552131443435792,0.03194616198039157
14,10,entropy,14728.699999999999,0.7,0.8123723404255319,0.12394909986432007
14,20,gini,3161.0,0.1,0.5,0.0
14,20,gini,3267.2,0.1,0.5,0.0
14,20,gini,5138.5,0.1,0.5,0.0
14,20,gini,5495.0,0.1,0.5,0.0
14,20,gini,14728.699999999999,0.1,0.5,0.0
14,20,gini,3161.0,0.2,0.5734848484848485,0.16431711652839365
14,20,gini,3267.2,0.2,0.6216893654013329,0.16663939746134165
14,20,gini,5138.5,0.2,1.0,0.0
14,20,gini,5495.0,0.2,0.6250199099556201,0.17119074885665658
14,20,gini,14728.699999999999,0.2,0.5,0.0
14,20,gini,3161.0,0.5,0.5539350782922632,0.07472345837417375
14,20,gini,3267.2,0.5,0.7894893686741513,0.051394916051617445
14,20,gini,5138.5,0.5,1.0,0.0
14,20,gini,5495.0,0.5,0.8938740344622698,0.01195404663825897
14,20,gini,14728.699999999999,0.5,0.959375281684029,0.009092368785404686
14,20,gini,3161.0,0.7,0.5779042386185242,0.08403111337675871
14,20,gini,3267.2,0.7,0.7310770620604861,0.05820674617645195
14,20,gini,5138.5,0.7,1.0,0.0
14,20,gini,5495.0,0.7,0.9369230769230767,0.057922617221589846
14,20,gini,14728.699999999999,0.7,0.8169642857142858,0.1334233194430487
14,20,entropy,3161.0,0.1,0.5,0.0
14,20,entropy,3267.2,0.1,0.5,0.0
14,20,entropy,5138.5,0.1,0.5,0.0
14,20,entropy,5495.0,0.1,0.5,0.0
14,20,entropy,14728.699999999999,0.1,0.5,0.0
14,20,entropy,3161.0,0.2,0.5,0.0
14,20,entropy,3267.2,0.2,0.6685224315265227,0.1547762326904152
14,20,entropy,5138.5,0.2,1.0,0.0
14,20,entropy,5495.0,0.2,0.6751737592742091,0.15992554545404247
14,20,entropy,14728.699999999999,0.2,0.5,0.0
14,20,entropy,3161.0,0.5,0.5531897018272405,0.061972438465071916
14,20,entropy,3267.2,0.5,0.7335531381079214,0.050039824836881665
14,20,entropy,5138.5,0.5,1.0,0.0
14,20,entropy,5495.0,0.5,0.8811714429361487,0.04095006421103711
14,20,entropy,14728.699999999999,0.5,0.9605747610523739,0.00934286437166907
14,20,entropy,3161.0,0.7,0.628453535260258,0.1348773174584848
14,20,entropy,3267.2,0.7,0.860330947177232,0.03553476526711036
14,20,entropy,5138.5,0.7,1.0,0.0
14,20,entropy,5495.0,0.7,0.9045959595959596,0.02839668640521356
14,20,entropy,14728.699999999999,0.7,0.7434129396439427,0.2315367383229479
14,50,gini,3161.0,0.1,0.5,0.0
14,50,gini,3267.2,0.1,0.5,0.0
14,50,gini,5138.5,0.1,0.5,0.0
14,50,gini,5495.0,0.1,0.5,0.0
14,50,gini,14728.699999999999,0.1,0.5,0.0
14,50,gini,3161.0,0.2,0.5,0.0
14,50,gini,3267.2,0.2,0.5,0.0
14,50,gini,5138.5,0.2,0.5,0.0
14,50,gini,5495.0,0.2,0.5,0.0
14,50,gini,14728.699999999999,0.2,0.5,0.0
14,50,gini,3161.0,0.5,0.5,0.0
14,50,gini,3267.2,0.5,0.5855072463768116,0.19120001546737334
14,50,gini,5138.5,0.5,1.0,0.0
14,50,gini,5495.0,0.5,0.6782950450450451,0.16359560154074626
14,50,gini,14728.699999999999,0.5,0.5,0.0
14,50,gini,3161.0,0.7,0.5,0.0
14,50,gini,3267.2,0.7,0.8714300372938247,0.08992641072142243
14,50,gini,5138.5,0.7,1.0,0.0
14,50,gini,5495.0,0.7,0.7791179653679653,0.17468635093365714
14,50,gini,14728.699999999999,0.7,0.5,0.0
14,50,entropy,3161.0,0.1,0.5,0.0
14,50,entropy,3267.2,0.1,0.5,0.0
14,50,entropy,5138.5,0.1,0.5,0.0
14,50,entropy,5495.0,0.1,0.5,0.0
14,50,entropy,14728.699999999999,0.1,0.5,0.0
14,50,entropy,3161.0,0.2,0.5,0.0
14,50,entropy,3267.2,0.2,0.5,0.0
14,50,entropy,5138.5,0.2,0.5,0.0
14,50,entropy,5495.0,0.2,0.5,0.0
14,50,entropy,14728.699999999999,0.2,0.5,0.0
14,50,entropy,3161.0,0.5,0.5,0.0
14,50,entropy,3267.2,0.5,0.5,0.0
14,50,entropy,5138.5,0.5,1.0,0.0
14,50,entropy,5495.0,0.5,0.5533783783783784,0.11935768258275904
14,50,entropy,14728.699999999999,0.5,0.5,0.0
14,50,entropy,3161.0,0.7,0.5,0.0
14,50,entropy,3267.2,0.7,0.916897233201581,0.02609331878339319
14,50,entropy,5138.5,0.7,1.0,0.0
14,50,entropy,5495.0,0.7,0.8129075711522521,0.18936549222691065
14,50,entropy,14728.699999999999,0.7,0.5,0.0
14,100,gini,3161.0,0.1,0.5,0.0
14,100,gini,3267.2,0.1,0.5,0.0
14,100,gini,5138.5,0.1,0.5,0.0
14,100,gini,5495.0,0.1,0.5,0.0
14,100,gini,14728.699999999999,0.1,0.5,0.0
14,100,gini,3161.0,0.2,0.5,0.0
14,100,gini,3267.2,0.2,0.5,0.0
14,100,gini,5138.5,0.2,0.5,0.0
14,100,gini,5495.0,0.2,0.5,0.0
14,100,gini,14728.699999999999,0.2,0.5,0.0
14,100,gini,3161.0,0.5,0.5,0.0
14,100,gini,3267.2,0.5,0.5,0.0
14,100,gini,5138.5,0.5,0.5,0.0
14,100,gini,5495.0,0.5,0.5,0.0
14,100,gini,14728.699999999999,0.5,0.5,0.0
14,100,gini,3161.0,0.7,0.5,0.0
14,100,gini,3267.2,0.7,0.5,0.0
14,100,gini,5138.5,0.7,1.0,0.0
14,100,gini,5495.0,0.7,0.6170509442248573,0.1647626945621785
14,100,gini,14728.699999999999,0.7,0.5,0.0
14,100,entropy,3161.0,0.1,0.5,0.0
14,100,entropy,3267.2,0.1,0.5,0.0
14,100,entropy,5138.5,0.1,0.5,0.0
14,100,entropy,5495.0,0.1,0.5,0.0
14,100,entropy,14728.699999999999,0.1,0.5,0.0
14,100,entropy,3161.0,0.2,0.5,0.0
14,100,entropy,3267.2,0.2,0.5,0.0
14,100,entropy,5138.5,0.2,0.5,0.0
14,100,entropy,5495.0,0.2,0.5,0.0
14,100,entropy,14728.699999999999,0.2,0.5,0.0
14,100,entropy,3161.0,0.5,0.5,0.0
14,100,entropy,3267.2,0.5,0.5,0.0
14,100,entropy,5138.5,0.5,0.5,0.0
14,100,entropy,5495.0,0.5,0.5,0.0
14,100,entropy,14728.699999999999,0.5,0.5,0.0
14,100,entropy,3161.0,0.7,0.5,0.0
14,100,entropy,3267.2,0.7,0.5,0.0
14,100,entropy,5138.5,0.7,1.0,0.0
14,100,entropy,5495.0,0.7,0.5,0.0
14,100,entropy,14728.699999999999,0.7,0.5,0.0
16,2,gini,3161.0,0.1,0.5993105377877808,0.14400517748738395
16,2,gini,3267.2,0.1,0.7565499186762581,0.13667374592573706
16,2,gini,5138.5,0.1,1.0,0.0
16,2,gini,5495.0,0.1,0.8272989510489511,0.11942988016479768
16,2,gini,14728.699999999999,0.1,0.6600489662090627,0.15276353758323005
16,2,gini,3161.0,0.2,0.6723569841011702,0.0589728037966422
16,2,gini,3267.2,0.2,0.7782108929072484,0.08709365820460287
16,2,gini,5138.5,0.2,1.0,0.0
16,2,gini,5495.0,0.2,0.9090168022758585,0.05426157065252656
16,2,gini,14728.699999999999,0.2,0.8472606100017946,0.1207307277461916
16,2,gini,3161.0,0.5,0.6303606195763967,0.13255414820473183
16,2,gini,3267.2,0.5,0.7563373415381259,0.07048877569729306
16,2,gini,5138.5,0.5,1.0,0.0
16,2,gini,5495.0,0.5,0.943333217655864,0.037121630960576885
16,2,gini,14728.699999999999,0.5,0.8394443827777162,0.11497957908532926
16,2,gini,3161.0,0.7,0.5884275968980063,0.1311377290865567
16,2,gini,3267.2,0.7,0.8412492978317043,0.09805092582256854
16,2,gini,5138.5,0.7,1.0,0.0
16,2,gini,5495.0,0.7,0.9516110472215124,0.02306560630414747
16,2,gini,14728.699999999999,0.7,0.9253949535789159,0.05216608233886088
16,2,entropy,3161.0,0.1,0.5825373223608448,0.0700342219405322
16,2,entropy,3267.2,0.1,0.7403389359602737,0.12315781494493785
16,2,entropy,5138.5,0.1,1.0,0.0
16,2,entropy,5495.0,0.1,0.9219146294881589,0.031429969333822944
16,2,entropy,14728.699999999999,0.1,0.7388225235299599,0.19317935535756106
16,2,entropy,3161.0,0.2,0.6599896997281547,0.07380392894204013
16,2,entropy,3267.2,0.2,0.7093445570447858,0.12228269450565317
16,2,entropy,5138.5,0.2,1.0,0.0
16,2,entropy,5495.0,0.2,0.9158497728763816,0.035786862970600915
16,2,entropy,14728.699999999999,0.2,0.7725892857142858,0.08096628274039885
16,2,entropy,3161.0,0.5,0.6242136186598212,0.05457132083933075
16,2,entropy,3267.2,0.5,0.8127145507715612,0.06627164993686328
16,2,entropy,5138.5,0.5,1.0,0.0
16,2,entropy,5495.0,0.5,0.8843316148581891,0.03337782758276508
16,2,entropy,14728.699999999999,0.5,0.8626322784975041,0.033026286776518345
16,2,entropy,3161.0,0.7,0.6743447306458815,0.05079649120441283
16,2,entropy,3267.2,0.7,0.7330266632592214,0.056648685507458406
16,2,entropy,5138.5,0.7,1.0,0.0
16,2,entropy,5495.0,0.7,0.9571146245059289,0.07818697353684893
16,2,entropy,14728.699999999999,0.7,0.9303401360544218,0.06580809067984247
16,5,gini,3161.0,0.1,0.5559970484808631,0.09043562846390532
16,5,gini,3267.2,0.1,0.6832334840356494,0.13549612301055125
16,5,gini,5138.5,0.1,1.0,0.0
16,5,gini,5495.0,0.1,0.820185070306038,0.1598275711024605
16,5,gini,14728.699999999999,0.1,0.6017440630454329,0.20190743873945557
16,5,gini,3161.0,0.2,0.6254087514552632,0.10008631195490453
16,5,gini,3267.2,0.2,0.7862095274684068,0.06756816379039877
16,5,gini,5138.5,0.2,1.0,0.0
16,5,gini,5495.0,0.2,0.926735091974718,0.0320858413324869
16,5,gini,14728.699999999999,0.2,0.7818941754145021,0.13445744895869247
16,5,gini,3161.0,0.5,0.6600287923458655,0.036307342687699036
16,5,gini,3267.2,0.5,0.8039004976618402,0.04822500784484469
16,5,gini,5138.5,0.5,1.0,0.0
16,5,gini,5495.0,0.5,0.9150563579499762,0.05940787384251637
16,5,gini,14728.699999999999,0.5,0.921445868945869,0.039175233073622875
16,5,gini,3161.0,0.7,0.6152012313927206,0.08936546807902336
16,5,gini,3267.2,0.7,0.791046214767145,0.048644162640492775
16,5,gini,5138.5,0.7,1.0,0.0
16,5,gini,5495.0,0.7,0.9303609181516158,0.05574008491095168
16,5,gini,14728.699999999999,0.7,0.9169246566551148,0.0729561947862151
16,5,entropy,3161.0,0.1,0.6148073022312373,0.0886150926982392
16,5,entropy,3267.2,0.1,0.6571607623352937,0.06488327649731555
16,5,entropy,5138.5,0.1,1.0,0.0
16,5,entropy,5495.0,0.1,0.8240556036389147,0.13918077107724924
16,5,entropy,14728.699999999999,0.1,0.8133631534805703,0.1901000635399878
16,5,entropy,3161.0,0.2,0.6929752276440558,0.10581294867804351
16,5,entropy,3267.2,0.2,0.7949947079335298,0.033815693245832355
16,5,entropy,5138.5,0.2,1.0,0.0
16,5,entropy,5495.0,0.2,0.9215644238812495,0.031342310763202964
16,5,entropy,14728.699999999999,0.2,0.8343918260442129,0.1298703368426816
16,5,entropy,3161.0,0.5,0.6357243025528362,0.10201117987948664
16,5,entropy,3267.2,0.5,0.7888870748461541,0.0720055995995179
16,5,entropy,5138.5,0.5,1.0,0.0
16,5,entropy,5495.0,0.5,0.9032705475159627,0.030488366618070094
16,5,entropy,14728.699999999999,0.5,0.91280505476708,0.0742353187550899
16,5,entropy,3161.0,0.7,0.6211523653651313,0.1143170427445473
16,5,entropy,3267.2,0.7,0.8329761516320371,0.06037489638576164
16,5,entropy,5138.5,0.7,1.0,0.0
16,5,entropy,5495.0,0.7,0.8789244089244089,0.023038794888483427
16,5,entropy,14728.699999999999,0.7,0.907292299898683,0.07081030510184132
16,10,gini,3161.0,0.1,0.49224489795918364,0.017340935335712664
16,10,gini,3267.2,0.1,0.5616356262786537,0.08069523190911687
16,10,gini,5138.5,0.1,1.0,0.0
16,10,gini,5495.0,0.1,0.6201706917113894,0.16455643528910616
16,10,gini,14728.699999999999,0.1,0.5,0.0
16,10,gini,3161.0,0.2,0.5918294998193099,0.12574750869075343
16,10,gini,3267.2,0.2,0.6999051659925883,0.17498722299610095
16,10,gini,5138.5,0.2,1.0,0.0
16,10,gini,5495.0,0.2,0.8876373626373628,0.03476846536249531
16,10,gini,14728.699999999999,0.2,0.7523984218951244,0.20984186341741243
16,10,gini,3161.0,0.5,0.5933769369744979,0.08079087219421226
16,10,gini,3267.2,0.5,0.8206701390911917,0.07073146850314313
16,10,gini,5138.5,0.5,1.0,0.0
16,10,gini,5495.0,0.5,0.9418766613503455,0.034951039932073956
16,10,gini,14728.699999999999,0.5,0.8095392150613033,0.0702533749421856
16,10,gini,3161.0,0.7,0.6959216378859235,0.13876449643973568
16,10,gini,3267.2,0.7,0.7788631200840502,0.03483929775436039
16,10,gini,5138.5,0.7,1.0,0.0
16,10,gini,5495.0,0.7,0.9098486959900004,0.03896787637462602
16,10,gini,14728.699999999999,0.7,0.8076088435374149,0.1442258781847901
16,10,entropy,3161.0,0.1,0.49444444444444446,0.012422599874998837
16,10,entropy,3267.2,0.1,0.758217999106157,0.1774390439931091
16,10,entropy,5138.5,0.1,1.0,0.0
16,10,entropy,5495.0,0.1,0.7914837232035282,0.1752066711885534
16,10,entropy,14728.699999999999,0.1,0.5,0.0
16,10,entropy,3161.0,0.2,0.5463987920476471,0.06633786005796753
16,10,entropy,3267.2,0.2,0.7609716788879854,0.15788431708042
16,10,entropy,5138.5,0.2,1.0,0.0
16,10,entropy,5495.0,0.2,0.9114942528735632,0.01451647234518975
16,10,entropy,14728.699999999999,0.2,0.6437865235539654,0.20877974419913992
16,10,entropy,3161.0,0.5,0.6198527106910641,0.09392515128768872
16,10,entropy,3267.2,0.5,0.8207148917377106,0.06741445372161033
16,10,entropy,5138.5,0.5,1.0,0.0
16,10,entropy,5495.0,0.5,0.9148768311152212,0.03331977229805599
16,10,entropy,14728.699999999999,0.5,0.8350175965184781,0.15705412077036177
16,10,entropy,3161.0,0.7,0.6110253006059911,0.10860481945489821
16,10,entropy,3267.2,0.7,0.8007461679359877,0.0553966761024941
16,10,entropy,5138.5,0.7,1.0,0.0
16,10,entropy,5495.0,0.7,0.924622901253336,0.03521472026004938
16,10,entropy,14728.699999999999,0.7,0.9370469279148524,0.04153090272710419
16,20,gini,3161.0,0.1,0.5,0.0
16,20,gini,3267.2,0.1,0.5,0.0
16,20,gini,5138.5,0.1,0.5,0.0
16,20,gini,5495.0,0.1,0.5,0.0
16,20,gini,14728.699999999999,0.1,0.5,0.0
16,20,gini,3161.0,0.2,0.5,0.0
16,20,gini,3267.2,0.2,0.7225554106910039,0.21169251376071163
16,20,gini,5138.5,0.2,1.0,0.0
16,20,gini,5495.0,0.2,0.6240200769423445,0.16989556407687287
16,20,gini,14728.699999999999,0.2,0.5,0.0
16,20,gini,3161.0,0.5,0.5395061728395062,0.08833848799999168
16,20,gini,3267.2,0.5,0.7391155479582092,0.0920148618259071
16,20,gini,5138.5,0.5,1.0,0.0
16,20,gini,5495.0,0.5,0.9298675610595115,0.04250365374782581
16,20,gini,14728.699999999999,0.5,0.9646570667752957,0.008323762524678221
16,20,gini,3161.0,0.7,0.6245098039215685,0.11415360595107796
16,20,gini,3267.2,0.7,0.8241662891372193,0.10786373638028983
16,20,gini,5138.5,0.7,1.0,0.0
16,20,gini,5495.0,0.7,0.9123076923076923,0.06713714657106108
16,20,gini,14728.699999999999,0.7,0.8203401360544216,0.1545585117834615
16,20,entropy,3161.0,0.1,0.5,0.0
16,20,entropy,3267.2,0.1,0.5,0.0
16,20,entropy,5138.5,0.1,0.5,0.0
16,20,entropy,5495.0,0.1,0.5,0.0
16,20,entropy,14728.699999999999,0.1,0.5,0.0
16,20,entropy,3161.0,0.2,0.5,0.0
16,20,entropy,3267.2,0.2,0.5838983050847457,0.18760231336650776
16,20,entropy,5138.5,0.2,1.0,0.0
16,20,entropy,5495.0,0.2,0.6173069425701005,0.16071212010498373
16,20,entropy,14728.699999999999,0.2,0.5,0.0
16,20,entropy,3161.0,0.5,0.5,0.0
16,20,entropy,3267.2,0.5,0.8047297297297297,0.07003261189539527
16,20,entropy,5138.5,0.5,1.0,0.0
16,20,entropy,5495.0,0.5,0.9238230994152046,0.021585014608866752
16,20,entropy,14728.699999999999,0.5,0.8697725386450876,0.2067927303549089
16,20,entropy,3161.0,0.7,0.640970799640611,0.18939453405089166
16,20,entropy,3267.2,0.7,0.78786811520128,0.04263254891392423
16,20,entropy,5138.5,0.7,1.0,0.0
16,20,entropy,5495.0,0.7,0.9136363636363637,0.055356838704610195
16,20,entropy,14728.699999999999,0.7,0.79,0.1963556863336419
16,50,gini,3161.0,0.1,0.5,0.0
16,50,gini,3267.2,0.1,0.5,0.0
16,50,gini,5138.5,0.1,0.5,0.0
16,50,gini,5495.0,0.1,0.5,0.0
16,50,gini,14728.699999999999,0.1,0.5,0.0
16,50,gini,3161.0,0.2,0.5,0.0
16,50,gini,3267.2,0.2,0.5,0.0
16,50,gini,5138.5,0.2,0.5,0.0
16,50,gini,5495.0,0.2,0.5,0.0
16,50,gini,14728.699999999999,0.2,0.5,0.0
16,50,gini,3161.0,0.5,0.5,0.0
16,50,gini,3267.2,0.5,0.5,0.0
16,50,gini,5138.5,0.5,1.0,0.0
16,50,gini,5495.0,0.5,0.588852813852814,0.12311410773381137
16,50,gini,14728.699999999999,0.5,0.5,0.0
16,50,gini,3161.0,0.7,0.5,0.0
16,50,gini,3267.2,0.7,0.8995859213250517,0.01835468242908609
16,50,gini,5138.5,0.7,1.0,0.0
16,50,gini,5495.0,0.7,0.7970744680851064,0.18244769158716323
16,50,gini,14728.699999999999,0.7,0.5,0.0
16,50,entropy,3161.0,0.1,0.5,0.0
16,50,entropy,3267.2,0.1,0.5,0.0
16,50,entropy,5138.5,0.1,0.5,0.0
16,50,entropy,5495.0,0.1,0.5,0.0
16,50,entropy,14728.699999999999,0.1,0.5,0.0
16,50,entropy,3161.0,0.2,0.5,0.0
16,50,entropy,3267.2,0.2,0.5,0.0
16,50,entropy,5138.5,0.2,0.5,0.0
16,50,entropy,5495.0,0.2,0.5,0.0
16,50,entropy,14728.699999999999,0.2,0.5,0.0
16,50,entropy,3161.0,0.5,0.5,0.0
16,50,entropy,3267.2,0.5,0.5,0.0
16,50,entropy,5138.5,0.5,1.0,0.0
16,50,entropy,5495.0,0.5,0.7070270785659801,0.19804595523450613
16,50,entropy,14728.699999999999,0.5,0.5,0.0
16,50,entropy,3161.0,0.7,0.528723404255319,0.06422748446010032
16,50,entropy,3267.2,0.7,0.9152057156935205,0.022890164576071275
16,50,entropy,5138.5,0.7,1.0,0.0
16,50,entropy,5495.0,0.7,0.8591225639191847,0.09203795265399077
16,50,entropy,14728.699999999999,0.7,0.5,0.0
16,100,gini,3161.0,0.1,0.5,0.0
16,100,gini,3267.2,0.1,0.5,0.0
16,100,gini,5138.5,0.1,0.5,0.0
16,100,gini,5495.0,0.1,0.5,0.0
16,100,gini,14728.699999999999,0.1,0.5,0.0
16,100,gini,3161.0,0.2,0.5,0.0
16,100,gini,3267.2,0.2,0.5,0.0
16,100,gini,5138.5,0.2,0.5,0.0
16,100,gini,5495.0,0.2,0.5,0.0
16,100,gini,14728.699999999999,0.2,0.5,0.0
16,100,gini,3161.0,0.5,0.5,0.0
16,100,gini,3267.2,0.5,0.5,0.0
16,100,gini,5138.5,0.5,0.5,0.0
16,100,gini,5495.0,0.5,0.5,0.0
16,100,gini,14728.699999999999,0.5,0.5,0.0
16,100,gini,3161.0,0.7,0.5,0.0
16,100,gini,3267.2,0.7,0.5,0.0
16,100,gini,5138.5,0.7,1.0,0.0
16,100,gini,5495.0,0.7,0.6103754940711463,0.16207100088175372
16,100,gini,14728.699999999999,0.7,0.5,0.0
16,100,entropy,3161.0,0.1,0.5,0.0
16,100,entropy,3267.2,0.1,0.5,0.0
16,100,entropy,5138.5,0.1,0.5,0.0
16,100,entropy,5495.0,0.1,0.5,0.0
16,100,entropy,14728.699999999999,0.1,0.5,0.0
16,100,entropy,3161.0,0.2,0.5,0.0
16,100,entropy,3267.2,0.2,0.5,0.0
16,100,entropy,5138.5,0.2,0.5,0.0
16,100,entropy,5495.0,0.2,0.5,0.0
16,100,entropy,14728.699999999999,0.2,0.5,0.0
16,100,entropy,3161.0,0.5,0.5,0.0
16,100,entropy,3267.2,0.5,0.5,0.0
16,100,entropy,5138.5,0.5,0.5,0.0
16,100,entropy,5495.0,0.5,0.5,0.0
16,100,entropy,14728.699999999999,0.5,0.5,0.0
16,100,entropy,3161.0,0.7,0.5,0.0
16,100,entropy,3267.2,0.7,0.5,0.0
16,100,entropy,5138.5,0.7,1.0,0.0
16,100,entropy,5495.0,0.7,0.5988888888888889,0.1355373393953503
16,100,entropy,14728.699999999999,0.7,0.5,0.0
18,2,gini,3161.0,0.1,0.5674318155856264,0.08673656565959315
18,2,gini,3267.2,0.1,0.6302762721465294,0.1363161375937568
18,2,gini,5138.5,0.1,1.0,0.0
18,2,gini,5495.0,0.1,0.845997790697961,0.11922221272066179
18,2,gini,14728.699999999999,0.1,0.6278591486440588,0.12824877567856788
18,2,gini,3161.0,0.2,0.6070746549961666,0.05760296584612144
18,2,gini,3267.2,0.2,0.7579758864639367,0.01813520794658125
18,2,gini,5138.5,0.2,1.0,0.0
18,2,gini,5495.0,0.2,0.8973405012847803,0.043110186201166356
18,2,gini,14728.699999999999,0.2,0.7304745200330911,0.21644970540514327
18,2,gini,3161.0,0.5,0.6705880042903452,0.08307522164727882
18,2,gini,3267.2,0.5,0.7943105895833844,0.038360385351240193
18,2,gini,5138.5,0.5,1.0,0.0
18,2,gini,5495.0,0.5,0.9362954030927438,0.028100061708824956
18,2,gini,14728.699999999999,0.5,0.8410639232793704,0.07753167060662297
18,2,gini,3161.0,0.7,0.6366428571428571,0.10266454873190906
18,2,gini,3267.2,0.7,0.786090830394236,0.06199236024566949
18,2,gini,5138.5,0.7,1.0,0.0
18,2,gini,5495.0,0.7,0.9338777432913998,0.03971125213588261
18,2,gini,14728.699999999999,0.7,0.9070837257980114,0.07531328860412326
18,2,entropy,3161.0,0.1,0.5892997860457362,0.06371178181442594
18,2,entropy,3267.2,0.1,0.7725298873920197,0.12564763351187805
18,2,entropy,5138.5,0.1,1.0,0.0
18,2,entropy,5495.0,0.1,0.821352046903228,0.16678921277308817
18,2,entropy,14728.699999999999,0.1,0.657355407207758,0.17497462872519814
18,2,entropy,3161.0,0.2,0.6010275799077678,0.09756832297724066
18,2,entropy,3267.2,0.2,0.8444775982282652,0.05658492541057114
18,2,entropy,5138.5,0.2,1.0,0.0
18,2,entropy,5495.0,0.2,0.9247971959814064,0.027888549886032985
18,2,entropy,14728.699999999999,0.2,0.7444328383020021,0.1669227190867655
18,2,entropy,3161.0,0.5,0.6569506588650251,0.08954353935282526
18,2,entropy,3267.2,0.5,0.807205457940752,0.043100008502043034
18,2,entropy,5138.5,0.5,1.0,0.0
18,2,entropy,5495.0,0.5,0.9487090123446386,0.006355416551838198
18,2,entropy,14728.699999999999,0.5,0.8854459585664894,0.0434604033078124
18,2,entropy,3161.0,0.7,0.7301768707482993,0.10782402626292685
18,2,entropy,3267.2,0.7,0.8071578218529438,0.05686571974681354
18,2,entropy,5138.5,0.7,1.0,0.0
18,2,entropy,5495.0,0.7,0.9359249084249084,0.04241708420819986
18,2,entropy,14728.699999999999,0.7,0.9105837257980116,0.08434673602567032
18,5,gini,3161.0,0.1,0.4886382992025341,0.04030685035334066
18,5,gini,3267.2,0.1,0.6173265075428733,0.17439869600945654
18,5,gini,5138.5,0.1,1.0,0.0
18,5,gini,5495.0,0.1,0.8272393048128344,0.18294272754068308
18,5,gini,14728.699999999999,0.1,0.614731867385977,0.12623417534204023
18,5,gini,3161.0,0.2,0.6051223352713178,0.121099686295
18,5,gini,3267.2,0.2,0.7642249402412541,0.07668035465817245
18,5,gini,5138.5,0.2,1.0,0.0
18,5,gini,5495.0,0.2,0.9260700985065885,0.028072363110000793
18,5,gini,14728.699999999999,0.2,0.7522755468372535,0.08383552810353713
18,5,gini,3161.0,0.5,0.6855113919732629,0.035593043014929875
18,5,gini,3267.2,0.5,0.8010584659190727,0.026218308671717053
18,5,gini,5138.5,0.5,1.0,0.0
18,5,gini,5495.0,0.5,0.965545538288689,0.024575824373284174
18,5,gini,14728.699999999999,0.5,0.8963129082167896,0.08456589268941453
18,5,gini,3161.0,0.7,0.6096773324714501,0.12281253454443528
18,5,gini,3267.2,0.7,0.7907054403065402,0.08548969450817324
18,5,gini,5138.5,0.7,1.0,0.0
18,5,gini,5495.0,0.7,0.9285464776769125,0.06244380008289887
18,5,gini,14728.699999999999,0.7,0.8675476190476189,0.11666629008685582
18,5,entropy,3161.0,0.1,0.6653130470421518,0.13851368475051323
18,5,entropy,3267.2,0.1,0.7423870374922409,0.11538292759202638
18,5,entropy,5138.5,0.1,1.0,0.0
18,5,entropy,5495.0,0.1,0.9126160181941115,0.0028137671473297383
18,5,entropy,14728.699999999999,0.1,0.7104032708974,0.2040088730862277
18,5,entropy,3161.0,0.2,0.5999935263376523,0.09663801283957892
18,5,entropy,3267.2,0.2,0.7830567134015409,0.11173542790108548
18,5,entropy,5138.5,0.2,1.0,0.0
18,5,entropy,5495.0,0.2,0.9301323407775021,0.027024555310455226
18,5,entropy,14728.699999999999,0.2,0.7907984141210336,0.17731274773225997
18,5,entropy,3161.0,0.5,0.6224496040073106,0.03763703734361863
18,5,entropy,3267.2,0.5,0.8251496489006561,0.06865474532334323
18,5,entropy,5138.5,0.5,1.0,0.0
18,5,entropy,5495.0,0.5,0.9188463646328096,0.040505213389152125
18,5,entropy,14728.699999999999,0.5,0.8958608764192217,0.08599490688389114
18,5,entropy,3161.0,0.7,0.6947595704948647,0.17477934965373193
18,5,entropy,3267.2,0.7,0.7798638559508125,0.0856622211006111
18,5,entropy,5138.5,0.7,1.0,0.0
18,5,entropy,5495.0,0.7,0.9084257602862253,0.02203168868877462
18,5,entropy,14728.699999999999,0.7,0.875345238095238,0.09041406466678269
18,10,gini,3161.0,0.1,0.5406267887410042,0.08633088568610567
18,10,gini,3267.2,0.1,0.7484332158136926,0.15620417291475797
18,10,gini,5138.5,0.1,1.0,0.0
18,10,gini,5495.0,0.1,0.7445697432338655,0.13674676957118045
18,10,gini,14728.699999999999,0.1,0.671821283122653,0.18231098415568855
18,10,gini,3161.0,0.2,0.6418672930123311,0.13468882849786723
18,10,gini,3267.2,0.2,0.7396853851526821,0.017948374836407856
18,10,gini,5138.5,0.2,1.0,0.0
18,10,gini,5495.0,0.2,0.7944227886056971,0.17387508632986315
18,10,gini,14728.699999999999,0.2,0.6032182729551151,0.20008459166146716
18,10,gini,3161.0,0.5,0.5749329177253533,0.008863751322058586
18,10,gini,3267.2,0.5,0.8279828091355149,0.04771696708762902
18,10,gini,5138.5,0.5,1.0,0.0
18,10,gini,5495.0,0.5,0.907015873015873,0.05441474964183909
18,10,gini,14728.699999999999,0.5,0.77885101010101,0.031161043165499575
18,10,gini,3161.0,0.7,0.6039417625823071,0.07320077433731231
18,10,gini,3267.2,0.7,0.769652278659958,0.09694399561986142
18,10,gini,5138.5,0.7,1.0,0.0
18,10,gini,5495.0,0.7,0.9176767676767676,0.06094313879935692
18,10,gini,14728.699999999999,0.7,0.8787796964939822,0.1027037132496658
18,10,entropy,3161.0,0.1,0.5789501746644603,0.16391456733857818
18,10,entropy,3267.2,0.1,0.6139903846153846,0.15665705115090053
18,10,entropy,5138.5,0.1,1.0,0.0
18,10,entropy,5495.0,0.1,0.6167990074441688,0.17822634841805662
18,10,entropy,14728.699999999999,0.1,0.5,0.0
18,10,entropy,3161.0,0.2,0.6560635488542466,0.15475923186129362
18,10,entropy,3267.2,0.2,0.8302226248358624,0.05055980969206409
18,10,entropy,5138.5,0.2,1.0,0.0
18,10,entropy,5495.0,0.2,0.912563728216537,0.022590993066225272
18,10,entropy,14728.699999999999,0.2,0.6939304106745967,0.1955162966774911
18,10,entropy,3161.0,0.5,0.56682301438399,0.05698873358134421
18,10,entropy,3267.2,0.5,0.8182469401599934,0.06670631936854912
18,10,entropy,5138.5,0.5,1.0,0.0
18,10,entropy,5495.0,0.5,0.917779508703265,0.04380663435114749
18,10,entropy,14728.699999999999,0.5,0.8575308641975308,0.08392156359999207
18,10,entropy,3161.0,0.7,0.6250112534375452,0.05198619947189951
18,10,entropy,3267.2,0.7,0.8149836637354332,0.07896067528323475
18,10,entropy,5138.5,0.7,1.0,0.0
18,10,entropy,5495.0,0.7,0.9133142051746702,0.05919963599663136
18,10,entropy,14728.699999999999,0.7,0.8661060299259058,0.0883661542689168
18,20,gini,3161.0,0.1,0.5,0.0
18,20,gini,3267.2,0.1,0.5,0.0
18,20,gini,5138.5,0.1,0.5,0.0
18,20,gini,5495.0,0.1,0.5,0.0
18,20,gini,14728.699999999999,0.1,0.5,0.0
18,20,gini,3161.0,0.2,0.5,0.0
18,20,gini,3267.2,0.2,0.6451665193044503,0.20318082539778115
18,20,gini,5138.5,0.2,1.0,0.0
18,20,gini,5495.0,0.2,0.6190008920606601,0.1629890431688453
18,20,gini,14728.699999999999,0.2,0.573134328358209,0.16353332969774584
18,20,gini,3161.0,0.5,0.551061388410786,0.05066663631476846
18,20,gini,3267.2,0.5,0.7820885431202877,0.09291709218646041
18,20,gini,5138.5,0.5,1.0,0.0
18,20,gini,5495.0,0.5,0.90468671679198,0.052242910886825436
18,20,gini,14728.699999999999,0.5,0.8652445694639788,0.20426453050937315
18,20,gini,3161.0,0.7,0.5632352941176471,0.10055593258790656
18,20,gini,3267.2,0.7,0.8284001797550836,0.07176602003552654
18,20,gini,5138.5,0.7,1.0,0.0
18,20,gini,5495.0,0.7,0.9345238095238095,0.07622766949324823
18,20,gini,14728.699999999999,0.7,0.7233333333333333,0.137234592334926
18,20,entropy,3161.0,0.1,0.5,0.0
18,20,entropy,3267.2,0.1,0.5,0.0
18,20,entropy,5138.5,0.1,0.5,0.0
18,20,entropy,5495.0,0.1,0.5,0.0
18,20,entropy,14728.699999999999,0.1,0.5,0.0
18,20,entropy,3161.0,0.2,0.5,0.0
18,20,entropy,3267.2,0.2,0.75,0.22822451631107057
18,20,entropy,5138.5,0.2,1.0,0.0
18,20,entropy,5495.0,0.2,0.699628848858081,0.18760806565012014
18,20,entropy,14728.699999999999,0.2,0.5,0.0
18,20,entropy,3161.0,0.5,0.5225473321858864,0.05041736747891092
18,20,entropy,3267.2,0.5,0.7016062801932367,0.027847628955108467
18,20,entropy,5138.5,0.5,1.0,0.0
18,20,entropy,5495.0,0.5,0.8943704850361197,0.026044635430660795
18,20,entropy,14728.699999999999,0.5,0.8713691741756945,0.20776842157378908
18,20,entropy,3161.0,0.7,0.5682745098039216,0.1145534767644842
18,20,entropy,3267.2,0.7,0.7891484622284998,0.10212755286665465
18,20,entropy,5138.5,0.7,1.0,0.0
18,20,entropy,5495.0,0.7,0.8984848484848484,0.056060606060606095
18,20,entropy,14728.699999999999,0.7,0.8419503546099291,0.11312554181018807
18,50,gini,3161.0,0.1,0.5,0.0
18,50,gini,3267.2,0.1,0.5,0.0
18,50,gini,5138.5,0.1,0.5,0.0
18,50,gini,5495.0,0.1,0.5,0.0
18,50,gini,14728.699999999999,0.1,0.5,0.0
18,50,gini,3161.0,0.2,0.5,0.0
18,50,gini,3267.2,0.2,0.5,0.0
18,50,gini,5138.5,0.2,0.5,0.0
18,50,gini,5495.0,0.2,0.5,0.0
18,50,gini,14728.699999999999,0.2,0.5,0.0
18,50,gini,3161.0,0.5,0.5,0.0
18,50,gini,3267.2,0.5,0.5540540540540541,0.12086853932431296
18,50,gini,5138.5,0.5,1.0,0.0
18,50,gini,5495.0,0.5,0.6690788238201136,0.15596299346595224
18,50,gini,14728.699999999999,0.5,0.5,0.0
18,50,gini,3161.0,0.7,0.5,0.0
18,50,gini,3267.2,0.7,0.8569106765327696,0.11814206601150111
18,50,gini,5138.5,0.7,1.0,0.0
18,50,gini,5495.0,0.7,0.6964251207729468,0.18474372045086335
18,50,gini,14728.699999999999,0.7,0.5,0.0
18,50,entropy,3161.0,0.1,0.5,0.0
18,50,entropy,3267.2,0.1,0.5,0.0
18,50,entropy,5138.5,0.1,0.5,0.0
18,50,entropy,5495.0,0.1,0.5,0.0
18,50,entropy,14728.699999999999,0.1,0.5,0.0
18,50,entropy,3161.0,0.2,0.5,0.0
18,50,entropy,3267.2,0.2,0.5,0.0
18,50,entropy,5138.5,0.2,0.5,0.0
18,50,entropy,5495.0,0.2,0.5,0.0
18,50,entropy,14728.699999999999,0.2,0.5,0.0
18,50,entropy,3161.0,0.5,0.5,0.0
18,50,entropy,3267.2,0.5,0.5878378378378379,0.1964113764020086
18,50,entropy,5138.5,0.5,1.0,0.0
18,50,entropy,5495.0,0.5,0.5,0.0
18,50,entropy,14728.699999999999,0.5,0.5,0.0
18,50,entropy,3161.0,0.7,0.5,0.0
18,50,entropy,3267.2,0.7,0.9131944444444444,0.014845526615577758
18,50,entropy,5138.5,0.7,1.0,0.0
18,50,entropy,5495.0,0.7,0.8643434343434343,0.12036721523495514
18,50,entropy,14728.699999999999,0.7,0.5,0.0
18,100,gini,3161.0,0.1,0.5,0.0
18,100,gini,3267.2,0.1,0.5,0.0
18,100,gini,5138.5,0.1,0.5,0.0
18,100,gini,5495.0,0.1,0.5,0.0
18,100,gini,14728.699999999999,0.1,0.5,0.0
18,100,gini,3161.0,0.2,0.5,0.0
18,100,gini,3267.2,0.2,0.5,0.0
18,100,gini,5138.5,0.2,0.5,0.0
18,100,gini,5495.0,0.2,0.5,0.0
18,100,gini,14728.699999999999,0.2,0.5,0.0
18,100,gini,3161.0,0.5,0.5,0.0
18,100,gini,3267.2,0.5,0.5,0.0
18,100,gini,5138.5,0.5,0.5,0.0
18,100,gini,5495.0,0.5,0.5,0.0
18,100,gini,14728.699999999999,0.5,0.5,0.0
18,100,gini,3161.0,0.7,0.5,0.0
18,100,gini,3267.2,0.7,0.5,0.0
18,100,gini,5138.5,0.7,1.0,0.0
18,100,gini,5495.0,0.7,0.6183982683982684,0.16288076540198337
18,100,gini,14728.699999999999,0.7,0.5,0.0
18,100,entropy,3161.0,0.1,0.5,0.0
18,100,entropy,3267.2,0.1,0.5,0.0
18,100,entropy,5138.5,0.1,0.5,0.0
18,100,entropy,5495.0,0.1,0.5,0.0
18,100,entropy,14728.699999999999,0.1,0.5,0.0
18,100,entropy,3161.0,0.2,0.5,0.0
18,100,entropy,3267.2,0.2,0.5,0.0
18,100,entropy,5138.5,0.2,0.5,0.0
18,100,entropy,5495.0,0.2,0.5,0.0
18,100,entropy,14728.699999999999,0.2,0.5,0.0
18,100,entropy,3161.0,0.5,0.5,0.0
18,100,entropy,3267.2,0.5,0.5,0.0
18,100,entropy,5138.5,0.5,0.5,0.0
18,100,entropy,5495.0,0.5,0.5,0.0
18,100,entropy,14728.699999999999,0.5,0.5,0.0
18,100,entropy,3161.0,0.7,0.5,0.0
18,100,entropy,3267.2,0.7,0.5,0.0
18,100,entropy,5138.5,0.7,1.0,0.0
18,100,entropy,5495.0,0.7,0.5,0.0
18,100,entropy,14728.699999999999,0.7,0.5,0.0
20,2,gini,3161.0,0.1,0.5827794473953964,0.06817693608382785
20,2,gini,3267.2,0.1,0.6527993553478666,0.15837381830928593
20,2,gini,5138.5,0.1,1.0,0.0
20,2,gini,5495.0,0.1,0.8817339048068747,0.03004129527025178
20,2,gini,14728.699999999999,0.1,0.7841567087775502,0.24015090292617508
20,2,gini,3161.0,0.2,0.6013746021955118,0.11673901741240315
20,2,gini,3267.2,0.2,0.768018471967024,0.06996216301136272
20,2,gini,5138.5,0.2,1.0,0.0
20,2,gini,5495.0,0.2,0.9084376287057264,0.027129178471314606
20,2,gini,14728.699999999999,0.2,0.7734586441707147,0.08203018187951205
20,2,gini,3161.0,0.5,0.6868892259778078,0.1016759546915803
20,2,gini,3267.2,0.5,0.806891996891997,0.0760346293140196
20,2,gini,5138.5,0.5,1.0,0.0
20,2,gini,5495.0,0.5,0.9552549540415451,0.01117974644291356
20,2,gini,14728.699999999999,0.5,0.8795557404442947,0.10471347655779097
20,2,gini,3161.0,0.7,0.707094564503379,0.07449239144195599
20,2,gini,3267.2,0.7,0.8492353540179627,0.044924640213381356
20,2,gini,5138.5,0.7,1.0,0.0
20,2,gini,5495.0,0.7,0.9418185429777886,0.050810451252917145
20,2,gini,14728.699999999999,0.7,0.9215363068304245,0.06745180872084684
20,2,entropy,3161.0,0.1,0.6040814207118842,0.15933706232587744
20,2,entropy,3267.2,0.1,0.7948756663030394,0.14315599043007596
20,2,entropy,5138.5,0.1,1.0,0.0
20,2,entropy,5495.0,0.1,0.7886757337151038,0.16383495595437778
20,2,entropy,14728.699999999999,0.1,0.844376333944575,0.12246860131852225
20,2,entropy,3161.0,0.2,0.6209653585271319,0.08569165563440227
20,2,entropy,3267.2,0.2,0.8394508459566739,0.05660114584641039
20,2,entropy,5138.5,0.2,1.0,0.0
20,2,entropy,5495.0,0.2,0.9045885669605388,0.018578815296270056
20,2,entropy,14728.699999999999,0.2,0.8613390721120984,0.11521054853674385
20,2,entropy,3161.0,0.5,0.6473699294532628,0.047625076421631496
20,2,entropy,3267.2,0.5,0.7559235569038412,0.05040535745687231
20,2,entropy,5138.5,0.5,1.0,0.0
20,2,entropy,5495.0,0.5,0.9445,0.03056590733739186
20,2,entropy,14728.699999999999,0.5,0.8991304941018429,0.08173869721447397
20,2,entropy,3161.0,0.7,0.6735246098439376,0.036458566897285244
20,2,entropy,3267.2,0.7,0.7474498111707414,0.033365154598614444
20,2,entropy,5138.5,0.7,1.0,0.0
20,2,entropy,5495.0,0.7,0.958318089354705,0.01799628547017667
20,2,entropy,14728.699999999999,0.7,0.9126432078559737,0.08862889967087975
20,5,gini,3161.0,0.1,0.5849978156905967,0.0943187504167416
20,5,gini,3267.2,0.1,0.7280833898687977,0.12834136420235714
20,5,gini,5138.5,0.1,1.0,0.0
20,5,gini,5495.0,0.1,0.8088475085306224,0.17902684687639173
20,5,gini,14728.699999999999,0.1,0.6166537966537966,0.1989919921152564
20,5,gini,3161.0,0.2,0.5864543355109852,0.06890282141395435
20,5,gini,3267.2,0.2,0.7885648845599833,0.10520867127334943
20,5,gini,5138.5,0.2,1.0,0.0
20,5,gini,5495.0,0.2,0.9062889440308795,0.013131214408512693
20,5,gini,14728.699999999999,0.2,0.7599400055533554,0.09663455860004302
20,5,gini,3161.0,0.5,0.6537831901555273,0.08597036686907951
20,5,gini,3267.2,0.5,0.7941553457799226,0.102219942243931
20,5,gini,5138.5,0.5,1.0,0.0
20,5,gini,5495.0,0.5,0.9282372548421142,0.01812435062857823
20,5,gini,14728.699999999999,0.5,0.810711282816871,0.05462381476635098
20,5,gini,3161.0,0.7,0.5888315240990012,0.05638202826150405
20,5,gini,3267.2,0.7,0.7989944950005617,0.11603839181670551
20,5,gini,5138.5,0.7,1.0,0.0
20,5,gini,5495.0,0.7,0.9336231884057972,0.043859589841766716
20,5,gini,14728.699999999999,0.7,0.9091666666666669,0.0886354895061792
20,5,entropy,3161.0,0.1,0.503448275862069,0.11267086628374813
20,5,entropy,3267.2,0.1,0.5543215370186129,0.08676746062296227
20,5,entropy,5138.5,0.1,1.0,0.0
20,5,entropy,5495.0,0.1,0.9156586021505376,0.00762664273550294
20,5,entropy,14728.699999999999,0.1,0.5924657534246576,0.2067597102482682
20,5,entropy,3161.0,0.2,0.6049002332324614,0.0954897963252511
20,5,entropy,3267.2,0.2,0.8450408743277933,0.021093844154270406
20,5,entropy,5138.5,0.2,1.0,0.0
20,5,entropy,5495.0,0.2,0.9371574162979043,0.03931325134403894
20,5,entropy,14728.699999999999,0.2,0.8578190257579571,0.12792261585808398
20,5,entropy,3161.0,0.5,0.6532604436317001,0.06891572507135807
20,5,entropy,3267.2,0.5,0.8551588189506418,0.052689937839874766
20,5,entropy,5138.5,0.5,1.0,0.0
20,5,entropy,5495.0,0.5,0.9343845784889299,0.038653704320050504
20,5,entropy,14728.699999999999,0.5,0.8693195253478155,0.07022211869849355
20,5,entropy,3161.0,0.7,0.6413221288515407,0.1791289754247453
20,5,entropy,3267.2,0.7,0.8430761099365751,0.09080061548856638
20,5,entropy,5138.5,0.7,1.0,0.0
20,5,entropy,5495.0,0.7,0.9515151515151515,0.04126876121201466
20,5,entropy,14728.699999999999,0.7,0.8560308738880167,0.07693561852892934
20,10,gini,3161.0,0.1,0.49683219178082194,0.007083434517764742
20,10,gini,3267.2,0.1,0.486892177589852,0.029309981946086024
20,10,gini,5138.5,0.1,1.0,0.0
20,10,gini,5495.0,0.1,0.5,0.0
20,10,gini,14728.699999999999,0.1,0.5,0.0
20,10,gini,3161.0,0.2,0.6038792469735128,0.1350318481375427
20,10,gini,3267.2,0.2,0.7415426782841938,0.14994689970252237
20,10,gini,5138.5,0.2,1.0,0.0
20,10,gini,5495.0,0.2,0.9082703886152161,0.020074524961755675
20,10,gini,14728.699999999999,0.2,0.7748708382818468,0.2509218322818018
20,10,gini,3161.0,0.5,0.6258112282454388,0.04142213746997682
20,10,gini,3267.2,0.5,0.7940328188916468,0.0666087891405742
20,10,gini,5138.5,0.5,1.0,0.0
20,10,gini,5495.0,0.5,0.9355880230880231,0.06420274585815113
20,10,gini,14728.699999999999,0.5,0.8276010101010101,0.05746694706613117
20,10,gini,3161.0,0.7,0.5991010233880788,0.18254736772436533
20,10,gini,3267.2,0.7,0.8497483499461964,0.06081207667748951
20,10,gini,5138.5,0.7,1.0,0.0
20,10,gini,5495.0,0.7,0.9047617479139219,0.07598689613853196
20,10,gini,14728.699999999999,0.7,0.8940640846082022,0.10778243727769274
20,10,entropy,3161.0,0.1,0.5,0.0
20,10,entropy,3267.2,0.1,0.5551442307692308,0.12330624856693555
20,10,entropy,5138.5,0.1,1.0,0.0
20,10,entropy,5495.0,0.1,0.738504644210751,0.13335024401406934
20,10,entropy,14728.699999999999,0.1,0.5,0.0
20,10,entropy,3161.0,0.2,0.6657142857142857,0.18124065920407048
20,10,entropy,3267.2,0.2,0.7616034660421567,0.11322183005933842
20,10,entropy,5138.5,0.2,1.0,0.0
20,10,entropy,5495.0,0.2,0.9142526087186822,0.012972607778233836
20,10,entropy,14728.699999999999,0.2,0.8241941391941392,0.20494788237811057
20,10,entropy,3161.0,0.5,0.6198902211189108,0.08815737019662905
20,10,entropy,3267.2,0.5,0.7808204119092836,0.07725035202209488
20,10,entropy,5138.5,0.5,1.0,0.0
20,10,entropy,5495.0,0.5,0.9263528138528139,0.05101970246977334
20,10,entropy,14728.699999999999,0.5,0.8561973392461197,0.07769722691882108
20,10,entropy,3161.0,0.7,0.5965272108843538,0.1161831751338485
20,10,entropy,3267.2,0.7,0.8382713705637294,0.0767409750415404
20,10,entropy,5138.5,0.7,1.0,0.0
20,10,entropy,5495.0,0.7,0.9490764790764791,0.05758431006940359
20,10,entropy,14728.699999999999,0.7,0.8267159863945578,0.09456273088680663
20,20,gini,3161.0,0.1,0.5,0.0
20,20,gini,3267.2,0.1,0.5,0.0
20,20,gini,5138.5,0.1,0.5,0.0
20,20,gini,5495.0,0.1,0.5,0.0
20,20,gini,14728.699999999999,0.1,0.5,0.0
20,20,gini,3161.0,0.2,0.5,0.0
20,20,gini,3267.2,0.2,0.5517601043024772,0.1157391117428183
20,20,gini,5138.5,0.2,1.0,0.0
20,20,gini,5495.0,0.2,0.7666417940968326,0.1627631902481584
20,20,gini,14728.699999999999,0.2,0.5,0.0
20,20,gini,3161.0,0.5,0.5499055250110102,0.10343244956643474
20,20,gini,3267.2,0.5,0.8272537974711914,0.03063883602750698
20,20,gini,5138.5,0.5,1.0,0.0
20,20,gini,5495.0,0.5,0.8763452749520863,0.009772343254687219
20,20,gini,14728.699999999999,0.5,0.866346586533664,0.2049296711024347
20,20,gini,3161.0,0.7,0.6150173899346973,0.1939172768187407
20,20,gini,3267.2,0.7,0.7994146426550608,0.07393394867790935
20,20,gini,5138.5,0.7,1.0,0.0
20,20,gini,5495.0,0.7,0.9407746517048843,0.034764122835394116
20,20,gini,14728.699999999999,0.7,0.9594893617021276,0.04244176901775266
20,20,entropy,3161.0,0.1,0.5,0.0
20,20,entropy,3267.2,0.1,0.5,0.0
20,20,entropy,5138.5,0.1,0.5,0.0
20,20,entropy,5495.0,0.1,0.5,0.0
20,20,entropy,14728.699999999999,0.1,0.5,0.0
20,20,entropy,3161.0,0.2,0.5,0.0
20,20,entropy,3267.2,0.2,0.6084975369458128,0.15012158677256648
20,20,entropy,5138.5,0.2,1.0,0.0
20,20,entropy,5495.0,0.2,0.7925476591667493,0.17561682227992204
20,20,entropy,14728.699999999999,0.2,0.5,0.0
20,20,entropy,3161.0,0.5,0.597560975609756,0.09880353916523658
20,20,entropy,3267.2,0.5,0.7041551759450313,0.04574736604871021
20,20,entropy,5138.5,0.5,1.0,0.0
20,20,entropy,5495.0,0.5,0.9373867436910915,0.0334747093733228
20,20,entropy,14728.699999999999,0.5,0.9625596462505073,0.01627468480656465
20,20,entropy,3161.0,0.7,0.5049950133899713,0.0813891441145396
20,20,entropy,3267.2,0.7,0.7907531357531357,0.06945251943818499
20,20,entropy,5138.5,0.7,1.0,0.0
20,20,entropy,5495.0,0.7,0.8996153846153845,0.0350242941889191
20,20,entropy,14728.699999999999,0.7,0.8175000000000001,0.17932163840429297
20,50,gini,3161.0,0.1,0.5,0.0
20,50,gini,3267.2,0.1,0.5,0.0
20,50,gini,5138.5,0.1,0.5,0.0
20,50,gini,5495.0,0.1,0.5,0.0
20,50,gini,14728.699999999999,0.1,0.5,0.0
20,50,gini,3161.0,0.2,0.5,0.0
20,50,gini,3267.2,0.2,0.5,0.0
20,50,gini,5138.5,0.2,0.5,0.0
20,50,gini,5495.0,0.2,0.5,0.0
20,50,gini,14728.699999999999,0.2,0.5,0.0
20,50,gini,3161.0,0.5,0.5,0.0
20,50,gini,3267.2,0.5,0.6887852858038193,0.22805329413199868
20,50,gini,5138.5,0.5,1.0,0.0
20,50,gini,5495.0,0.5,0.6428759646150951,0.20739923034684762
20,50,gini,14728.699999999999,0.5,0.5,0.0
20,50,gini,3161.0,0.7,0.5,0.0
20,50,gini,3267.2,0.7,0.816699604743083,0.17774205194373047
20,50,gini,5138.5,0.7,1.0,0.0
20,50,gini,5495.0,0.7,0.6962362758014932,0.19438062573219012
20,50,gini,14728.699999999999,0.7,0.5,0.0
20,50,entropy,3161.0,0.1,0.5,0.0
20,50,entropy,3267.2,0.1,0.5,0.0
20,50,entropy,5138.5,0.1,0.5,0.0
20,50,entropy,5495.0,0.1,0.5,0.0
20,50,entropy,14728.699999999999,0.1,0.5,0.0
20,50,entropy,3161.0,0.2,0.5,0.0
20,50,entropy,3267.2,0.2,0.5,0.0
20,50,entropy,5138.5,0.2,0.5,0.0
20,50,entropy,5495.0,0.2,0.5,0.0
20,50,entropy,14728.699999999999,0.2,0.5,0.0
20,50,entropy,3161.0,0.5,0.5,0.0
20,50,entropy,3267.2,0.5,0.5,0.0
20,50,entropy,5138.5,0.5,1.0,0.0
20,50,entropy,5495.0,0.5,0.6394230769230769,0.20100524000352762
20,50,entropy,14728.699999999999,0.5,0.5,0.0
20,50,entropy,3161.0,0.7,0.5,0.0
20,50,entropy,3267.2,0.7,0.9120980304884834,0.02682428203112256
20,50,entropy,5138.5,0.7,1.0,0.0
20,50,entropy,5495.0,0.7,0.9000324675324676,0.08000553111911228
20,50,entropy,14728.699999999999,0.7,0.5,0.0
20,100,gini,3161.0,0.1,0.5,0.0
20,100,gini,3267.2,0.1,0.5,0.0
20,100,gini,5138.5,0.1,0.5,0.0
20,100,gini,5495.0,0.1,0.5,0.0
20,100,gini,14728.699999999999,0.1,0.5,0.0
20,100,gini,3161.0,0.2,0.5,0.0
20,100,gini,3267.2,0.2,0.5,0.0
20,100,gini,5138.5,0.2,0.5,0.0
20,100,gini,5495.0,0.2,0.5,0.0
20,100,gini,14728.699999999999,0.2,0.5,0.0
20,100,gini,3161.0,0.5,0.5,0.0
20,100,gini,3267.2,0.5,0.5,0.0
20,100,gini,5138.5,0.5,0.5,0.0
20,100,gini,5495.0,0.5,0.5,0.0
20,100,gini,14728.699999999999,0.5,0.5,0.0
20,100,gini,3161.0,0.7,0.5,0.0
20,100,gini,3267.2,0.7,0.5,0.0
20,100,gini,5138.5,0.7,1.0,0.0
20,100,gini,5495.0,0.7,0.6339710884353742,0.18344748337084762
20,100,gini,14728.699999999999,0.7,0.5,0.0
20,100,entropy,3161.0,0.1,0.5,0.0
20,100,entropy,3267.2,0.1,0.5,0.0
20,100,entropy,5138.5,0.1,0.5,0.0
20,100,entropy,5495.0,0.1,0.5,0.0
20,100,entropy,14728.699999999999,0.1,0.5,0.0
20,100,entropy,3161.0,0.2,0.5,0.0
20,100,entropy,3267.2,0.2,0.5,0.0
20,100,entropy,5138.5,0.2,0.5,0.0
20,100,entropy,5495.0,0.2,0.5,0.0
20,100,entropy,14728.699999999999,0.2,0.5,0.0
20,100,entropy,3161.0,0.5,0.5,0.0
20,100,entropy,3267.2,0.5,0.5,0.0
20,100,entropy,5138.5,0.5,0.5,0.0
20,100,entropy,5495.0,0.5,0.5,0.0
20,100,entropy,14728.699999999999,0.5,0.5,0.0
20,100,entropy,3161.0,0.7,0.5,0.0
20,100,entropy,3267.2,0.7,0.5,0.0
20,100,entropy,5138.5,0.7,1.0,0.0
20,100,entropy,5495.0,0.7,0.5,0.0
20,100,entropy,14728.699999999999,0.7,0.5,0.0
